node_id,type
Andariel::T1211,Actor::Technique
Andariel::T1245,Actor::Technique
Andariel::T1350,Actor::Technique
Andariel::T1358,Actor::Technique
Andariel::T1375,Actor::Technique
Apt10::T1261,Actor::Technique
Apt10::T1309,Actor::Technique
Apt10::T1331,Actor::Technique
Apt10::T1375,Actor::Technique
Apt10::T1389,Actor::Technique
Apt10::T1418,Actor::Technique
Apt1::T1119,Actor::Technique
Apt1::T1213,Actor::Technique
Apt1::T1228,Actor::Technique
Apt1::T1246,Actor::Technique
Apt28::T1213,Actor::Technique
Apt28::T1228,Actor::Technique
Apt28::T1256,Actor::Technique
Apt28::T1378,Actor::Technique
Apt28::T1394,Actor::Technique
Apt28::T1397,Actor::Technique
Apt28::T1478,Actor::Technique
Apt29::T1172,Actor::Technique
Apt29::T1243,Actor::Technique
Apt29::T1263,Actor::Technique
Apt29::T1366,Actor::Technique
Apt29::T1369,Actor::Technique
Apt29::T1415,Actor::Technique
Apt32::T1261,Actor::Technique
Apt32::T1263,Actor::Technique
Apt32::T1294,Actor::Technique
Apt32::T1389,Actor::Technique
Apt37::T1046,Actor::Technique
Apt37::T1291,Actor::Technique
Apt37::T1389,Actor::Technique
Apt37::T1423,Actor::Technique
Apt3::T1014,Actor::Technique
Apt3::T1125,Actor::Technique
Apt3::T1429,Actor::Technique
Apt3::T1478,Actor::Technique
Carbanak::T1119,Actor::Technique
Carbanak::T1132,Actor::Technique
Carbanak::T1211,Actor::Technique
Carbanak::T1228,Actor::Technique
Carbanak::T1236,Actor::Technique
Carbanak::T1245,Actor::Technique
Carbanak::T1287,Actor::Technique
Carbanak::T1419,Actor::Technique
Chessmaster::T1159,Actor::Technique
Chessmaster::T1243,Actor::Technique
Chessmaster::T1291,Actor::Technique
Chessmaster::T1350,Actor::Technique
Conti::T1101,Actor::Technique
Conti::T1157,Actor::Technique
Conti::T1236,Actor::Technique
Conti::T1246,Actor::Technique
Conti::T1256,Actor::Technique
Conti::T1261,Actor::Technique
Conti::T1270,Actor::Technique
Conti::T1291,Actor::Technique
Conti::T1350,Actor::Technique
Conti::T1375,Actor::Technique
Conti::T1389,Actor::Technique
Conti::T1406,Actor::Technique
Conti::T1428,Actor::Technique
Conti::T1496,Actor::Technique
Fin4::T1119,Actor::Technique
Fin4::T1228,Actor::Technique
Fin4::T1272,Actor::Technique
Fin4::T1283,Actor::Technique
Fin7::T1119,Actor::Technique
Fin7::T1192,Actor::Technique
Fin7::T1236,Actor::Technique
Fin7::T1291,Actor::Technique
Fin7::T1350,Actor::Technique
Fin7::T1397,Actor::Technique
Lazarus::T1014,Actor::Technique
Lazarus::T1020,Actor::Technique
Lazarus::T1048,Actor::Technique
Lazarus::T1087,Actor::Technique
Lazarus::T1291,Actor::Technique
Lazarus::T1350,Actor::Technique
Lazarus::T1355,Actor::Technique
Lazarus::T1358,Actor::Technique
Lazarus::T1359,Actor::Technique
Lazarus::T1375,Actor::Technique
Lazarus::T1378,Actor::Technique
Lazarus::T1389,Actor::Technique
Lazarus::T1406,Actor::Technique
Lazarus::T1428,Actor::Technique
Muddywater::T1027,Actor::Technique
Muddywater::T1291,Actor::Technique
Muddywater::T1354,Actor::Technique
Muddywater::T1406,Actor::Technique
Oceanlotus::T1025,Actor::Technique
Oceanlotus::T1027,Actor::Technique
Oceanlotus::T1046,Actor::Technique
Oceanlotus::T1119,Actor::Technique
Oceanlotus::T1135,Actor::Technique
Oceanlotus::T1228,Actor::Technique
Oceanlotus::T1259,Actor::Technique
Oceanlotus::T1261,Actor::Technique
Oceanlotus::T1291,Actor::Technique
Oceanlotus::T1354,Actor::Technique
Oceanlotus::T1359,Actor::Technique
Oceanlotus::T1378,Actor::Technique
Oceanlotus::T1406,Actor::Technique
Oceanlotus::T1423,Actor::Technique
Oceanlotus::T1438,Actor::Technique
Oceanlotus::T1496,Actor::Technique
Operation Black::T1066,Actor::Technique
Operation Black::T1119,Actor::Technique
Operation Black::T1228,Actor::Technique
Operation Black::T1246,Actor::Technique
Patchwork::T1119,Actor::Technique
Patchwork::T1291,Actor::Technique
Patchwork::T1350,Actor::Technique
Patchwork::T1389,Actor::Technique
Patchwork::T1438,Actor::Technique
Patchwork::T1496,Actor::Technique
Patchwork::T1500,Actor::Technique
Sofacy::T1014,Actor::Technique
Sofacy::T1042,Actor::Technique
Sofacy::T1119,Actor::Technique
Sofacy::T1228,Actor::Technique
Sofacy::T1245,Actor::Technique
Sofacy::T1256,Actor::Technique
Sofacy::T1266,Actor::Technique
Sofacy::T1277,Actor::Technique
Sofacy::T1291,Actor::Technique
Sofacy::T1368,Actor::Technique
Sofacy::T1369,Actor::Technique
Sofacy::T1371,Actor::Technique
Sofacy::T1375,Actor::Technique
Sofacy::T1389,Actor::Technique
Turla::T1014,Actor::Technique
Turla::T1086,Actor::Technique
Turla::T1119,Actor::Technique
Turla::T1130,Actor::Technique
Turla::T1213,Actor::Technique
Turla::T1215,Actor::Technique
Turla::T1228,Actor::Technique
Turla::T1261,Actor::Technique
Turla::T1277,Actor::Technique
Turla::T1338,Actor::Technique
Turla::T1362,Actor::Technique
Turla::T1375,Actor::Technique
Turla::T1378,Actor::Technique
Turla::T1395,Actor::Technique
Turla::T1406,Actor::Technique
Vermin::T1014,Actor::Technique
Vermin::T1135,Actor::Technique
Vermin::T1259,Actor::Technique
Vermin::T1378,Actor::Technique
