head	relation	tail
Carbanak	USES	T1078
Carbanak	USES	T1036
Carbanak	USES	T1085
Carbanak	USES	T1050
Carbanak	USES	T1219
Carbanak	USES	T1089
Carbanak	USES	T1102
Dust Storm	USES	T1005
Dust Storm	USES	T1027
Dust Storm	USES	T1083
APT1	USES	T1076
APT1	USES	T1075
APT1	USES	T1119
APT1	USES	T1346
APT1	USES	T1333
APT1	USES	T1326
APT1	USES	T1334
APT1	USES	T1330
APT1	USES	T1057
APT1	USES	T1135
APT1	USES	T1087
APT1	USES	T1114
APT1	USES	T1003
APT1	USES	T1059
APT1	USES	T1007
APT1	USES	T1005
APT1	USES	T1036
APT1	USES	T1064
APT1	USES	T1002
APT1	USES	T1016
APT1	USES	T1049
APT28	USES	T1078
APT28	USES	T1199
APT28	USES	T1192
APT28	USES	T1193
APT28	USES	T1091
APT28	USES	T1105
APT28	USES	T1075
APT28	USES	T1037
APT28	USES	T1210
APT28	USES	T1119
APT28	USES	T1346
APT28	USES	T1328
APT28	USES	T1057
APT28	USES	T1114
APT28	USES	T1003
APT28	USES	T1059
APT28	USES	T1005
APT28	USES	T1064
APT28	USES	T1002
APT28	USES	T1071
APT28	USES	T1085
APT28	USES	T1140
APT28	USES	T1086
APT28	USES	T1204
APT28	USES	T1027
APT28	USES	T1083
APT28	USES	T1107
APT28	USES	T1203
APT28	USES	T1070
APT28	USES	T1090
APT28	USES	T1056
APT28	USES	T1074
APT28	USES	T1092
APT28	USES	T1099
APT28	USES	T1221
APT28	USES	T1158
APT28	USES	T1137
APT28	USES	T1173
APT28	USES	T1014
APT28	USES	T1113
APT28	USES	T1134
APT28	USES	T1068
APT28	USES	T1213
APT28	USES	T1211
APT28	USES	T1120
APT28	USES	T1040
APT28	USES	T1122
APT28	USES	T1067
APT28	USES	T1001
APT28	USES	T1025
APT19	USES	T1193
APT19	USES	T1189
APT19	USES	T1064
APT19	USES	T1016
APT19	USES	T1073
APT19	USES	T1082
APT19	USES	T1071
APT19	USES	T1132
APT19	USES	T1043
APT19	USES	T1085
APT19	USES	T1117
APT19	USES	T1060
APT19	USES	T1112
APT19	USES	T1033
APT19	USES	T1031
APT19	USES	T1140
APT19	USES	T1086
APT19	USES	T1204
APT19	USES	T1027
Honeybee	USES	T1057
Honeybee	USES	T1059
Honeybee	USES	T1005
Honeybee	USES	T1064
Honeybee	USES	T1002
Honeybee	USES	T1082
Honeybee	USES	T1071
Honeybee	USES	T1060
Honeybee	USES	T1112
Honeybee	USES	T1031
Honeybee	USES	T1140
Honeybee	USES	T1027
Honeybee	USES	T1083
Honeybee	USES	T1107
Honeybee	USES	T1088
Honeybee	USES	T1074
Honeybee	USES	T1116
Honeybee	USES	T1055
Honeybee	USES	T1022
Honeybee	USES	T1035
Honeybee	USES	T1020
Honeybee	USES	T1182
Deep Panda	USES	T1077
Deep Panda	USES	T1057
Deep Panda	USES	T1064
Deep Panda	USES	T1117
Deep Panda	USES	T1086
Deep Panda	USES	T1015
Deep Panda	USES	T1047
Deep Panda	USES	T1018
Deep Panda	USES	T1066
Deep Panda	USES	T1100
Rancor	USES	T1193
Rancor	USES	T1105
Rancor	USES	T1059
Rancor	USES	T1064
Rancor	USES	T1071
Rancor	USES	T1204
Rancor	USES	T1053
Rancor	USES	T1218
APT32	USES	T1078
APT32	USES	T1192
APT32	USES	T1193
APT32	USES	T1189
APT32	USES	T1077
APT32	USES	T1105
APT32	USES	T1097
APT32	USES	T1075
APT32	USES	T1017
APT32	USES	T1087
APT32	USES	T1003
APT32	USES	T1059
APT32	USES	T1036
APT32	USES	T1064
APT32	USES	T1002
APT32	USES	T1016
APT32	USES	T1049
APT32	USES	T1073
APT32	USES	T1082
APT32	USES	T1071
APT32	USES	T1043
APT32	USES	T1117
APT32	USES	T1060
APT32	USES	T1112
APT32	USES	T1033
APT32	USES	T1031
APT32	USES	T1086
APT32	USES	T1204
APT32	USES	T1027
APT32	USES	T1083
APT32	USES	T1107
APT32	USES	T1053
APT32	USES	T1203
APT32	USES	T1070
APT32	USES	T1047
APT32	USES	T1045
APT32	USES	T1018
APT32	USES	T1050
APT32	USES	T1041
APT32	USES	T1065
APT32	USES	T1099
APT32	USES	T1158
APT32	USES	T1137
APT32	USES	T1068
APT32	USES	T1100
APT32	USES	T1012
APT32	USES	T1046
APT32	USES	T1022
APT32	USES	T1094
APT32	USES	T1009
APT32	USES	T1170
APT32	USES	T1035
APT32	USES	T1096
APT32	USES	T1222
APT32	USES	T1216
APT39	USES	T1078
APT39	USES	T1192
APT39	USES	T1193
APT39	USES	T1021
APT39	USES	T1076
APT39	USES	T1003
APT39	USES	T1064
APT39	USES	T1002
APT39	USES	T1016
APT39	USES	T1060
APT39	USES	T1033
APT39	USES	T1204
APT39	USES	T1053
APT39	USES	T1045
APT39	USES	T1023
APT39	USES	T1090
APT39	USES	T1100
APT39	USES	T1046
PLATINUM	USES	T1193
PLATINUM	USES	T1189
PLATINUM	USES	T1105
PLATINUM	USES	T1003
PLATINUM	USES	T1036
PLATINUM	USES	T1204
PLATINUM	USES	T1095
PLATINUM	USES	T1056
PLATINUM	USES	T1068
PLATINUM	USES	T1055
PLATINUM	USES	T1179
PLATINUM	USES	T1094
Lazarus Group	USES	T1193
Lazarus Group	USES	T1189
Lazarus Group	USES	T1077
Lazarus Group	USES	T1076
Lazarus Group	USES	T1105
Lazarus Group	USES	T1057
Lazarus Group	USES	T1003
Lazarus Group	USES	T1059
Lazarus Group	USES	T1005
Lazarus Group	USES	T1064
Lazarus Group	USES	T1002
Lazarus Group	USES	T1016
Lazarus Group	USES	T1082
Lazarus Group	USES	T1071
Lazarus Group	USES	T1132
Lazarus Group	USES	T1043
Lazarus Group	USES	T1060
Lazarus Group	USES	T1033
Lazarus Group	USES	T1204
Lazarus Group	USES	T1027
Lazarus Group	USES	T1083
Lazarus Group	USES	T1107
Lazarus Group	USES	T1203
Lazarus Group	USES	T1047
Lazarus Group	USES	T1023
Lazarus Group	USES	T1090
Lazarus Group	USES	T1098
Lazarus Group	USES	T1056
Lazarus Group	USES	T1074
Lazarus Group	USES	T1110
Lazarus Group	USES	T1050
Lazarus Group	USES	T1041
Lazarus Group	USES	T1065
Lazarus Group	USES	T1099
Lazarus Group	USES	T1158
Lazarus Group	USES	T1134
Lazarus Group	USES	T1067
Lazarus Group	USES	T1048
Lazarus Group	USES	T1012
Lazarus Group	USES	T1055
Lazarus Group	USES	T1089
Lazarus Group	USES	T1022
Lazarus Group	USES	T1124
Lazarus Group	USES	T1032
Lazarus Group	USES	T1223
Lazarus Group	USES	T1008
Lazarus Group	USES	T1010
Lazarus Group	USES	T1487
Lazarus Group	USES	T1485
Lazarus Group	USES	T1488
Lazarus Group	USES	T1489
Lazarus Group	USES	T1024
Lazarus Group	USES	T1026
Lazarus Group	USES	T1496
Cleaver	USES	T1313
Cleaver	USES	T1342
Cleaver	USES	T1345
Cleaver	USES	T1341
Cleaver	USES	T1003
Sowbug	USES	T1135
Sowbug	USES	T1003
Sowbug	USES	T1059
Sowbug	USES	T1036
Sowbug	USES	T1002
Sowbug	USES	T1082
Sowbug	USES	T1083
Sowbug	USES	T1056
Sowbug	USES	T1039
menuPass	USES	T1078
menuPass	USES	T1199
menuPass	USES	T1193
menuPass	USES	T1021
menuPass	USES	T1076
menuPass	USES	T1105
menuPass	USES	T1087
menuPass	USES	T1003
menuPass	USES	T1059
menuPass	USES	T1005
menuPass	USES	T1036
menuPass	USES	T1064
menuPass	USES	T1002
menuPass	USES	T1016
menuPass	USES	T1049
menuPass	USES	T1073
menuPass	USES	T1140
menuPass	USES	T1086
menuPass	USES	T1204
menuPass	USES	T1027
menuPass	USES	T1107
menuPass	USES	T1053
menuPass	USES	T1047
menuPass	USES	T1090
menuPass	USES	T1018
menuPass	USES	T1056
menuPass	USES	T1074
menuPass	USES	T1038
menuPass	USES	T1046
menuPass	USES	T1022
menuPass	USES	T1039
menuPass	USES	T1093
APT17	USES	T1331
APT17	USES	T1342
APT17	USES	T1341
Gorgon Group	USES	T1193
Gorgon Group	USES	T1105
Gorgon Group	USES	T1059
Gorgon Group	USES	T1064
Gorgon Group	USES	T1060
Gorgon Group	USES	T1112
Gorgon Group	USES	T1140
Gorgon Group	USES	T1086
Gorgon Group	USES	T1204
Gorgon Group	USES	T1023
Gorgon Group	USES	T1065
Gorgon Group	USES	T1055
Gorgon Group	USES	T1089
Gorgon Group	USES	T1093
Gorgon Group	USES	T1106
FIN10	USES	T1078
FIN10	USES	T1076
FIN10	USES	T1105
FIN10	USES	T1064
FIN10	USES	T1060
FIN10	USES	T1033
FIN10	USES	T1086
FIN10	USES	T1107
FIN10	USES	T1053
Stolen Pencil	USES	T1078
Stolen Pencil	USES	T1192
Stolen Pencil	USES	T1076
Stolen Pencil	USES	T1003
Stolen Pencil	USES	T1056
Stolen Pencil	USES	T1081
Stolen Pencil	USES	T1108
Stolen Pencil	USES	T1040
Stolen Pencil	USES	T1176
Dark Caracal	USES	T1194
Dark Caracal	USES	T1189
Dark Caracal	USES	T1005
Dark Caracal	USES	T1064
Dark Caracal	USES	T1071
Dark Caracal	USES	T1060
Dark Caracal	USES	T1204
Dark Caracal	USES	T1027
Dark Caracal	USES	T1083
Dark Caracal	USES	T1045
Dark Caracal	USES	T1113
Dark Caracal	USES	T1223
MuddyWater	USES	T1193
MuddyWater	USES	T1105
MuddyWater	USES	T1175
MuddyWater	USES	T1057
MuddyWater	USES	T1003
MuddyWater	USES	T1059
MuddyWater	USES	T1036
MuddyWater	USES	T1064
MuddyWater	USES	T1002
MuddyWater	USES	T1016
MuddyWater	USES	T1082
MuddyWater	USES	T1085
MuddyWater	USES	T1060
MuddyWater	USES	T1033
MuddyWater	USES	T1140
MuddyWater	USES	T1086
MuddyWater	USES	T1204
MuddyWater	USES	T1027
MuddyWater	USES	T1083
MuddyWater	USES	T1088
MuddyWater	USES	T1047
MuddyWater	USES	T1090
MuddyWater	USES	T1081
MuddyWater	USES	T1173
MuddyWater	USES	T1113
MuddyWater	USES	T1063
MuddyWater	USES	T1191
MuddyWater	USES	T1500
MuddyWater	USES	T1170
CopyKittens	USES	T1002
CopyKittens	USES	T1085
CopyKittens	USES	T1086
CopyKittens	USES	T1116
CopyKittens	USES	T1022
Threat Group-1314	USES	T1078
Threat Group-1314	USES	T1077
Threat Group-1314	USES	T1072
Threat Group-1314	USES	T1059
Cobalt Group	USES	T1192
Cobalt Group	USES	T1193
Cobalt Group	USES	T1076
Cobalt Group	USES	T1105
Cobalt Group	USES	T1037
Cobalt Group	USES	T1059
Cobalt Group	USES	T1064
Cobalt Group	USES	T1071
Cobalt Group	USES	T1117
Cobalt Group	USES	T1060
Cobalt Group	USES	T1086
Cobalt Group	USES	T1204
Cobalt Group	USES	T1027
Cobalt Group	USES	T1107
Cobalt Group	USES	T1053
Cobalt Group	USES	T1203
Cobalt Group	USES	T1088
Cobalt Group	USES	T1050
Cobalt Group	USES	T1108
Cobalt Group	USES	T1173
Cobalt Group	USES	T1068
Cobalt Group	USES	T1219
Cobalt Group	USES	T1055
Cobalt Group	USES	T1046
Cobalt Group	USES	T1063
Cobalt Group	USES	T1032
Cobalt Group	USES	T1218
Cobalt Group	USES	T1191
Cobalt Group	USES	T1220
Threat Group-3390	USES	T1078
Threat Group-3390	USES	T1133
Threat Group-3390	USES	T1189
Threat Group-3390	USES	T1028
Threat Group-3390	USES	T1105
Threat Group-3390	USES	T1119
Threat Group-3390	USES	T1087
Threat Group-3390	USES	T1003
Threat Group-3390	USES	T1059
Threat Group-3390	USES	T1005
Threat Group-3390	USES	T1002
Threat Group-3390	USES	T1016
Threat Group-3390	USES	T1049
Threat Group-3390	USES	T1073
Threat Group-3390	USES	T1071
Threat Group-3390	USES	T1043
Threat Group-3390	USES	T1060
Threat Group-3390	USES	T1112
Threat Group-3390	USES	T1140
Threat Group-3390	USES	T1086
Threat Group-3390	USES	T1027
Threat Group-3390	USES	T1107
Threat Group-3390	USES	T1053
Threat Group-3390	USES	T1088
Threat Group-3390	USES	T1047
Threat Group-3390	USES	T1018
Threat Group-3390	USES	T1056
Threat Group-3390	USES	T1074
Threat Group-3390	USES	T1050
Threat Group-3390	USES	T1108
Threat Group-3390	USES	T1068
Threat Group-3390	USES	T1030
Threat Group-3390	USES	T1038
Threat Group-3390	USES	T1012
Threat Group-3390	USES	T1055
Threat Group-3390	USES	T1089
Threat Group-3390	USES	T1046
Threat Group-3390	USES	T1126
Threat Group-3390	USES	T1022
Molerats	USES	T1057
Molerats	USES	T1003
Molerats	USES	T1116
TEMP.Veles	USES	T1078
TEMP.Veles	USES	T1133
TEMP.Veles	USES	T1021
TEMP.Veles	USES	T1076
TEMP.Veles	USES	T1311
TEMP.Veles	USES	T1329
TEMP.Veles	USES	T1003
TEMP.Veles	USES	T1036
TEMP.Veles	USES	T1043
TEMP.Veles	USES	T1086
TEMP.Veles	USES	T1107
TEMP.Veles	USES	T1053
TEMP.Veles	USES	T1074
TEMP.Veles	USES	T1065
TEMP.Veles	USES	T1066
TEMP.Veles	USES	T1099
TEMP.Veles	USES	T1100
TEMP.Veles	USES	T1183
APT16	USES	T1272
APT16	USES	T1334
RTM	USES	T1102
PittyTiger	USES	T1078
APT18	USES	T1078
APT18	USES	T1133
APT18	USES	T1105
APT18	USES	T1059
APT18	USES	T1082
APT18	USES	T1071
APT18	USES	T1043
APT18	USES	T1060
APT18	USES	T1027
APT18	USES	T1083
APT18	USES	T1107
APT18	USES	T1053
Naikon	USES	T1016
Naikon	USES	T1063
Moafee	USES	T1009
Magic Hound	USES	T1194
Magic Hound	USES	T1192
Magic Hound	USES	T1193
Magic Hound	USES	T1105
Magic Hound	USES	T1057
Magic Hound	USES	T1114
Magic Hound	USES	T1003
Magic Hound	USES	T1059
Magic Hound	USES	T1064
Magic Hound	USES	T1002
Magic Hound	USES	T1016
Magic Hound	USES	T1082
Magic Hound	USES	T1071
Magic Hound	USES	T1043
Magic Hound	USES	T1060
Magic Hound	USES	T1033
Magic Hound	USES	T1086
Magic Hound	USES	T1204
Magic Hound	USES	T1027
Magic Hound	USES	T1083
Magic Hound	USES	T1107
Magic Hound	USES	T1056
Magic Hound	USES	T1065
Magic Hound	USES	T1113
Magic Hound	USES	T1102
FIN7	USES	T1193
FIN7	USES	T1105
FIN7	USES	T1059
FIN7	USES	T1036
FIN7	USES	T1064
FIN7	USES	T1071
FIN7	USES	T1043
FIN7	USES	T1060
FIN7	USES	T1086
FIN7	USES	T1204
FIN7	USES	T1027
FIN7	USES	T1053
FIN7	USES	T1023
FIN7	USES	T1050
FIN7	USES	T1173
FIN7	USES	T1113
FIN7	USES	T1116
FIN7	USES	T1102
FIN7	USES	T1170
FIN7	USES	T1138
FIN7	USES	T1125
FIN7	USES	T1497
FIN6	USES	T1078
FIN6	USES	T1076
FIN6	USES	T1119
FIN6	USES	T1087
FIN6	USES	T1003
FIN6	USES	T1036
FIN6	USES	T1064
FIN6	USES	T1002
FIN6	USES	T1071
FIN6	USES	T1060
FIN6	USES	T1086
FIN6	USES	T1053
FIN6	USES	T1018
FIN6	USES	T1074
FIN6	USES	T1069
FIN6	USES	T1068
FIN6	USES	T1046
FIN6	USES	T1022
FIN6	USES	T1102
FIN6	USES	T1032
FIN6	USES	T1035
Leviathan	USES	T1078
Leviathan	USES	T1192
Leviathan	USES	T1193
Leviathan	USES	T1021
Leviathan	USES	T1076
Leviathan	USES	T1105
Leviathan	USES	T1003
Leviathan	USES	T1059
Leviathan	USES	T1064
Leviathan	USES	T1117
Leviathan	USES	T1060
Leviathan	USES	T1140
Leviathan	USES	T1086
Leviathan	USES	T1204
Leviathan	USES	T1027
Leviathan	USES	T1203
Leviathan	USES	T1084
Leviathan	USES	T1047
Leviathan	USES	T1023
Leviathan	USES	T1074
Leviathan	USES	T1116
Leviathan	USES	T1100
Leviathan	USES	T1102
Leviathan	USES	T1197
Leviathan	USES	T1009
Tropic Trooper	USES	T1193
Tropic Trooper	USES	T1057
Tropic Trooper	USES	T1043
Tropic Trooper	USES	T1140
Tropic Trooper	USES	T1027
Tropic Trooper	USES	T1203
Tropic Trooper	USES	T1221
Tropic Trooper	USES	T1158
Tropic Trooper	USES	T1055
Tropic Trooper	USES	T1004
Tropic Trooper	USES	T1197
Tropic Trooper	USES	T1063
Tropic Trooper	USES	T1032
APT37	USES	T1193
APT37	USES	T1189
APT37	USES	T1105
APT37	USES	T1057
APT37	USES	T1003
APT37	USES	T1059
APT37	USES	T1005
APT37	USES	T1064
APT37	USES	T1082
APT37	USES	T1071
APT37	USES	T1043
APT37	USES	T1060
APT37	USES	T1033
APT37	USES	T1204
APT37	USES	T1027
APT37	USES	T1203
APT37	USES	T1173
APT37	USES	T1116
APT37	USES	T1055
APT37	USES	T1102
APT37	USES	T1094
APT37	USES	T1487
APT37	USES	T1106
APT37	USES	T1123
Thrip	USES	T1086
Thrip	USES	T1219
Thrip	USES	T1048
Turla	USES	T1192
Turla	USES	T1193
Turla	USES	T1077
Turla	USES	T1105
Turla	USES	T1057
Turla	USES	T1007
Turla	USES	T1016
Turla	USES	T1049
Turla	USES	T1082
Turla	USES	T1071
Turla	USES	T1060
Turla	USES	T1086
Turla	USES	T1204
Turla	USES	T1083
Turla	USES	T1018
Turla	USES	T1110
Turla	USES	T1066
Turla	USES	T1012
Turla	USES	T1055
Turla	USES	T1102
Turla	USES	T1124
Turla	USES	T1004
Elderwood	USES	T1195
Elderwood	USES	T1192
Elderwood	USES	T1193
Elderwood	USES	T1189
Elderwood	USES	T1105
Elderwood	USES	T1204
Elderwood	USES	T1027
Elderwood	USES	T1203
Elderwood	USES	T1045
SilverTerrier	USES	T1071
Orangeworm	USES	T1077
Orangeworm	USES	T1071
APT38	USES	T1189
APT38	USES	T1105
APT38	USES	T1057
APT38	USES	T1059
APT38	USES	T1071
APT38	USES	T1112
APT38	USES	T1107
APT38	USES	T1070
APT38	USES	T1045
APT38	USES	T1056
APT38	USES	T1487
APT38	USES	T1485
APT38	USES	T1115
APT38	USES	T1013
APT38	USES	T1486
APT38	USES	T1494
APT38	USES	T1493
APT38	USES	T1492
Patchwork	USES	T1192
Patchwork	USES	T1193
Patchwork	USES	T1189
Patchwork	USES	T1076
Patchwork	USES	T1105
Patchwork	USES	T1119
Patchwork	USES	T1003
Patchwork	USES	T1059
Patchwork	USES	T1005
Patchwork	USES	T1036
Patchwork	USES	T1064
Patchwork	USES	T1073
Patchwork	USES	T1082
Patchwork	USES	T1132
Patchwork	USES	T1060
Patchwork	USES	T1112
Patchwork	USES	T1033
Patchwork	USES	T1086
Patchwork	USES	T1204
Patchwork	USES	T1027
Patchwork	USES	T1083
Patchwork	USES	T1107
Patchwork	USES	T1053
Patchwork	USES	T1203
Patchwork	USES	T1088
Patchwork	USES	T1045
Patchwork	USES	T1074
Patchwork	USES	T1066
Patchwork	USES	T1173
Patchwork	USES	T1022
Patchwork	USES	T1102
Patchwork	USES	T1063
Patchwork	USES	T1093
Patchwork	USES	T1009
Putter Panda	USES	T1060
Putter Panda	USES	T1027
Putter Panda	USES	T1055
Putter Panda	USES	T1089
FIN5	USES	T1078
FIN5	USES	T1133
FIN5	USES	T1119
FIN5	USES	T1003
FIN5	USES	T1064
FIN5	USES	T1107
FIN5	USES	T1070
FIN5	USES	T1018
FIN5	USES	T1074
FIN5	USES	T1108
Strider	USES	T1003
Strider	USES	T1090
Scarlet Mimic	USES	T1036
OilRig	USES	T1078
OilRig	USES	T1192
OilRig	USES	T1193
OilRig	USES	T1133
OilRig	USES	T1021
OilRig	USES	T1076
OilRig	USES	T1105
OilRig	USES	T1119
OilRig	USES	T1057
OilRig	USES	T1087
OilRig	USES	T1003
OilRig	USES	T1059
OilRig	USES	T1007
OilRig	USES	T1064
OilRig	USES	T1016
OilRig	USES	T1049
OilRig	USES	T1082
OilRig	USES	T1071
OilRig	USES	T1033
OilRig	USES	T1140
OilRig	USES	T1086
OilRig	USES	T1204
OilRig	USES	T1027
OilRig	USES	T1107
OilRig	USES	T1053
OilRig	USES	T1047
OilRig	USES	T1056
OilRig	USES	T1110
OilRig	USES	T1069
OilRig	USES	T1066
OilRig	USES	T1108
OilRig	USES	T1113
OilRig	USES	T1100
OilRig	USES	T1048
OilRig	USES	T1012
OilRig	USES	T1046
OilRig	USES	T1032
OilRig	USES	T1094
OilRig	USES	T1223
OilRig	USES	T1201
OilRig	USES	T1008
FIN8	USES	T1078
FIN8	USES	T1192
FIN8	USES	T1193
FIN8	USES	T1077
FIN8	USES	T1076
FIN8	USES	T1105
FIN8	USES	T1003
FIN8	USES	T1059
FIN8	USES	T1064
FIN8	USES	T1002
FIN8	USES	T1043
FIN8	USES	T1112
FIN8	USES	T1086
FIN8	USES	T1204
FIN8	USES	T1027
FIN8	USES	T1107
FIN8	USES	T1053
FIN8	USES	T1070
FIN8	USES	T1047
FIN8	USES	T1018
FIN8	USES	T1074
FIN8	USES	T1068
FIN8	USES	T1048
FIN8	USES	T1063
FIN8	USES	T1032
Dragonfly 2.0	USES	T1078
Dragonfly 2.0	USES	T1192
Dragonfly 2.0	USES	T1193
Dragonfly 2.0	USES	T1133
Dragonfly 2.0	USES	T1189
Dragonfly 2.0	USES	T1076
Dragonfly 2.0	USES	T1105
Dragonfly 2.0	USES	T1135
Dragonfly 2.0	USES	T1087
Dragonfly 2.0	USES	T1114
Dragonfly 2.0	USES	T1003
Dragonfly 2.0	USES	T1059
Dragonfly 2.0	USES	T1005
Dragonfly 2.0	USES	T1036
Dragonfly 2.0	USES	T1064
Dragonfly 2.0	USES	T1002
Dragonfly 2.0	USES	T1016
Dragonfly 2.0	USES	T1071
Dragonfly 2.0	USES	T1043
Dragonfly 2.0	USES	T1060
Dragonfly 2.0	USES	T1112
Dragonfly 2.0	USES	T1033
Dragonfly 2.0	USES	T1086
Dragonfly 2.0	USES	T1204
Dragonfly 2.0	USES	T1083
Dragonfly 2.0	USES	T1107
Dragonfly 2.0	USES	T1053
Dragonfly 2.0	USES	T1070
Dragonfly 2.0	USES	T1023
Dragonfly 2.0	USES	T1098
Dragonfly 2.0	USES	T1136
Dragonfly 2.0	USES	T1018
Dragonfly 2.0	USES	T1074
Dragonfly 2.0	USES	T1110
Dragonfly 2.0	USES	T1069
Dragonfly 2.0	USES	T1221
Dragonfly 2.0	USES	T1113
Dragonfly 2.0	USES	T1100
Dragonfly 2.0	USES	T1012
Dragonfly 2.0	USES	T1089
Dragonfly 2.0	USES	T1187
APT33	USES	T1078
APT33	USES	T1192
APT33	USES	T1105
APT33	USES	T1003
APT33	USES	T1002
APT33	USES	T1071
APT33	USES	T1132
APT33	USES	T1043
APT33	USES	T1060
APT33	USES	T1086
APT33	USES	T1204
APT33	USES	T1027
APT33	USES	T1053
APT33	USES	T1203
APT33	USES	T1110
APT33	USES	T1065
APT33	USES	T1068
APT33	USES	T1040
APT33	USES	T1048
APT33	USES	T1032
APT33	USES	T1480
DarkHydrus	USES	T1193
DarkHydrus	USES	T1086
DarkHydrus	USES	T1204
DarkHydrus	USES	T1221
DarkHydrus	USES	T1187
Night Dragon	USES	T1078
Night Dragon	USES	T1192
Night Dragon	USES	T1133
Night Dragon	USES	T1190
Night Dragon	USES	T1075
Night Dragon	USES	T1351
Night Dragon	USES	T1330
Night Dragon	USES	T1307
Night Dragon	USES	T1003
Night Dragon	USES	T1071
Night Dragon	USES	T1043
Night Dragon	USES	T1204
Night Dragon	USES	T1027
Night Dragon	USES	T1045
Night Dragon	USES	T1074
Night Dragon	USES	T1219
Night Dragon	USES	T1089
APT29	USES	T1192
APT29	USES	T1193
APT29	USES	T1097
APT29	USES	T1064
APT29	USES	T1043
APT29	USES	T1085
APT29	USES	T1060
APT29	USES	T1086
APT29	USES	T1204
APT29	USES	T1027
APT29	USES	T1053
APT29	USES	T1095
APT29	USES	T1203
APT29	USES	T1070
APT29	USES	T1172
APT29	USES	T1015
APT29	USES	T1084
APT29	USES	T1088
APT29	USES	T1188
APT29	USES	T1047
APT29	USES	T1045
APT29	USES	T1023
admin@338	USES	T1087
admin@338	USES	T1059
admin@338	USES	T1007
admin@338	USES	T1036
admin@338	USES	T1016
admin@338	USES	T1049
admin@338	USES	T1082
admin@338	USES	T1083
admin@338	USES	T1069
APT3	USES	T1078
APT3	USES	T1077
APT3	USES	T1076
APT3	USES	T1105
APT3	USES	T1057
APT3	USES	T1087
APT3	USES	T1003
APT3	USES	T1059
APT3	USES	T1005
APT3	USES	T1064
APT3	USES	T1002
APT3	USES	T1016
APT3	USES	T1049
APT3	USES	T1073
APT3	USES	T1082
APT3	USES	T1043
APT3	USES	T1085
APT3	USES	T1060
APT3	USES	T1033
APT3	USES	T1086
APT3	USES	T1027
APT3	USES	T1083
APT3	USES	T1107
APT3	USES	T1053
APT3	USES	T1095
APT3	USES	T1015
APT3	USES	T1045
APT3	USES	T1090
APT3	USES	T1098
APT3	USES	T1104
APT3	USES	T1136
APT3	USES	T1018
APT3	USES	T1056
APT3	USES	T1074
APT3	USES	T1110
APT3	USES	T1081
APT3	USES	T1050
APT3	USES	T1069
APT3	USES	T1041
APT3	USES	T1065
APT3	USES	T1066
APT3	USES	T1108
APT3	USES	T1061
Ke3chang	USES	T1133
Ke3chang	USES	T1077
Ke3chang	USES	T1097
Ke3chang	USES	T1057
Ke3chang	USES	T1087
Ke3chang	USES	T1114
Ke3chang	USES	T1003
Ke3chang	USES	T1059
Ke3chang	USES	T1007
Ke3chang	USES	T1005
Ke3chang	USES	T1036
Ke3chang	USES	T1064
Ke3chang	USES	T1002
Ke3chang	USES	T1016
Ke3chang	USES	T1049
Ke3chang	USES	T1082
Ke3chang	USES	T1071
Ke3chang	USES	T1060
Ke3chang	USES	T1083
Ke3chang	USES	T1018
Ke3chang	USES	T1056
Ke3chang	USES	T1050
Ke3chang	USES	T1069
Ke3chang	USES	T1041
Ke3chang	USES	T1213
Ke3chang	USES	T1022
Ke3chang	USES	T1035
Axiom	USES	T1190
Axiom	USES	T1076
Axiom	USES	T1003
Axiom	USES	T1015
Axiom	USES	T1001
Leafminer	USES	T1189
Leafminer	USES	T1114
Leafminer	USES	T1003
Leafminer	USES	T1064
Leafminer	USES	T1027
Leafminer	USES	T1083
Leafminer	USES	T1136
Leafminer	USES	T1018
Leafminer	USES	T1110
Leafminer	USES	T1108
Leafminer	USES	T1046
Suckfly	USES	T1078
Suckfly	USES	T1003
Suckfly	USES	T1059
Suckfly	USES	T1116
Suckfly	USES	T1046
TA459	USES	T1193
TA459	USES	T1064
TA459	USES	T1086
TA459	USES	T1204
TA459	USES	T1203
BRONZE BUTLER	USES	T1193
BRONZE BUTLER	USES	T1189
BRONZE BUTLER	USES	T1105
BRONZE BUTLER	USES	T1097
BRONZE BUTLER	USES	T1087
BRONZE BUTLER	USES	T1003
BRONZE BUTLER	USES	T1059
BRONZE BUTLER	USES	T1005
BRONZE BUTLER	USES	T1036
BRONZE BUTLER	USES	T1064
BRONZE BUTLER	USES	T1002
BRONZE BUTLER	USES	T1071
BRONZE BUTLER	USES	T1132
BRONZE BUTLER	USES	T1060
BRONZE BUTLER	USES	T1140
BRONZE BUTLER	USES	T1086
BRONZE BUTLER	USES	T1204
BRONZE BUTLER	USES	T1083
BRONZE BUTLER	USES	T1107
BRONZE BUTLER	USES	T1053
BRONZE BUTLER	USES	T1203
BRONZE BUTLER	USES	T1088
BRONZE BUTLER	USES	T1018
BRONZE BUTLER	USES	T1113
BRONZE BUTLER	USES	T1022
BRONZE BUTLER	USES	T1102
BRONZE BUTLER	USES	T1124
BRONZE BUTLER	USES	T1032
BRONZE BUTLER	USES	T1039
BRONZE BUTLER	USES	T1009
BRONZE BUTLER	USES	T1024
Gamaredon Group	USES	T1105
Gamaredon Group	USES	T1064
Gamaredon Group	USES	T1082
Gamaredon Group	USES	T1071
Gamaredon Group	USES	T1033
Gamaredon Group	USES	T1041
Gamaredon Group	USES	T1120
Gamaredon Group	USES	T1025
Winnti Group	USES	T1057
Winnti Group	USES	T1014
Winnti Group	USES	T1116
S0042	USES	T1105
S0042	USES	T1071
S0042	USES	T1043
S0042	USES	T1102
S0062	USES	T1091
S0062	USES	T1105
S0062	USES	T1057
S0062	USES	T1082
S0062	USES	T1071
S0062	USES	T1060
S0062	USES	T1027
S0062	USES	T1083
S0062	USES	T1047
S0062	USES	T1056
S0062	USES	T1063
S0062	USES	T1008
S0094	USES	T1105
S0094	USES	T1057
S0094	USES	T1003
S0094	USES	T1060
S0094	USES	T1045
S0094	USES	T1074
S0094	USES	T1113
S0009	USES	T1090
S0009	USES	T1024
S0148	USES	T1105
S0148	USES	T1119
S0148	USES	T1057
S0148	USES	T1059
S0148	USES	T1082
S0148	USES	T1085
S0148	USES	T1060
S0148	USES	T1112
S0148	USES	T1033
S0148	USES	T1027
S0148	USES	T1083
S0148	USES	T1107
S0148	USES	T1053
S0148	USES	T1070
S0148	USES	T1088
S0148	USES	T1056
S0148	USES	T1113
S0148	USES	T1120
S0148	USES	T1116
S0148	USES	T1124
S0148	USES	T1063
S0148	USES	T1094
S0148	USES	T1024
S0148	USES	T1115
S0148	USES	T1130
S0017	USES	T1105
S0017	USES	T1057
S0017	USES	T1059
S0017	USES	T1082
S0017	USES	T1033
S0017	USES	T1056
S0017	USES	T1113
S0017	USES	T1032
S0017	USES	T1094
S0017	USES	T1008
S0256	USES	T1105
S0256	USES	T1057
S0256	USES	T1059
S0256	USES	T1016
S0256	USES	T1085
S0256	USES	T1060
S0256	USES	T1112
S0256	USES	T1033
S0256	USES	T1086
S0256	USES	T1027
S0256	USES	T1107
S0256	USES	T1047
S0256	USES	T1122
S0256	USES	T1063
S0256	USES	T1024
S0256	USES	T1106
S0366	USES	T1076
S0366	USES	T1105
S0366	USES	T1210
S0366	USES	T1016
S0366	USES	T1083
S0366	USES	T1188
S0366	USES	T1047
S0366	USES	T1018
S0366	USES	T1050
S0366	USES	T1158
S0366	USES	T1120
S0366	USES	T1489
S0366	USES	T1024
S0366	USES	T1486
S0366	USES	T1222
S0366	USES	T1079
S0366	USES	T1490
S0142	USES	T1057
S0142	USES	T1059
S0142	USES	T1082
S0142	USES	T1085
S0142	USES	T1112
S0142	USES	T1027
S0142	USES	T1083
S0142	USES	T1050
S0142	USES	T1063
S0080	USES	T1105
S0080	USES	T1003
S0080	USES	T1059
S0080	USES	T1043
S0080	USES	T1060
S0331	USES	T1105
S0331	USES	T1057
S0331	USES	T1087
S0331	USES	T1016
S0331	USES	T1082
S0331	USES	T1071
S0331	USES	T1060
S0331	USES	T1033
S0331	USES	T1027
S0331	USES	T1203
S0331	USES	T1056
S0331	USES	T1065
S0331	USES	T1113
S0331	USES	T1048
S0331	USES	T1089
S0331	USES	T1022
S0331	USES	T1124
S0331	USES	T1125
S0331	USES	T1115
S0060	USES	T1016
S0060	USES	T1082
S0060	USES	T1071
S0060	USES	T1033
S0060	USES	T1069
S0060	USES	T1024
S0072	USES	T1036
S0072	USES	T1073
S0072	USES	T1071
S0072	USES	T1083
S0072	USES	T1056
S0072	USES	T1099
S0072	USES	T1100
S0072	USES	T1022
S0185	USES	T1105
S0185	USES	T1059
S0185	USES	T1099
S0185	USES	T1100
S0150	USES	T1105
S0150	USES	T1086
S0150	USES	T1027
S0150	USES	T1084
S0150	USES	T1099
S0150	USES	T1030
S0150	USES	T1032
S0150	USES	T1483
S0073	USES	T1100
S0003	USES	T1071
S0003	USES	T1043
S0003	USES	T1032
S0108	USES	T1090
S0108	USES	T1089
S0108	USES	T1063
S0108	USES	T1128
S0205	USES	T1016
S0205	USES	T1082
S0205	USES	T1043
S0205	USES	T1112
S0205	USES	T1050
S0205	USES	T1094
S0210	USES	T1105
S0210	USES	T1112
S0210	USES	T1050
S0210	USES	T1116
S0026	USES	T1102
S0360	USES	T1105
S0360	USES	T1059
S0360	USES	T1071
S0360	USES	T1086
S0360	USES	T1053
S0360	USES	T1483
S0165	USES	T1135
S0165	USES	T1087
S0165	USES	T1016
S0165	USES	T1049
S0165	USES	T1082
S0165	USES	T1018
S0165	USES	T1069
S0165	USES	T1012
S0188	USES	T1036
S0188	USES	T1140
S0170	USES	T1105
S0170	USES	T1119
S0170	USES	T1057
S0170	USES	T1059
S0170	USES	T1064
S0170	USES	T1071
S0170	USES	T1132
S0170	USES	T1060
S0170	USES	T1086
S0170	USES	T1027
S0170	USES	T1053
S0170	USES	T1023
S0170	USES	T1056
S0170	USES	T1074
S0170	USES	T1069
S0170	USES	T1116
S0170	USES	T1030
S0170	USES	T1032
S0170	USES	T1115
S0246	USES	T1059
S0246	USES	T1043
S0246	USES	T1090
S0246	USES	T1089
S0246	USES	T1024
S0280	USES	T1059
S0280	USES	T1082
S0280	USES	T1043
S0280	USES	T1033
S0280	USES	T1140
S0280	USES	T1038
S0218	USES	T1105
S0218	USES	T1082
S0218	USES	T1102
S0106	USES	T1105
S0106	USES	T1059
S0106	USES	T1082
S0106	USES	T1083
S0106	USES	T1107
S0010	USES	T1002
S0010	USES	T1024
S0103	USES	T1016
S0240	USES	T1105
S0240	USES	T1057
S0240	USES	T1003
S0240	USES	T1082
S0240	USES	T1071
S0240	USES	T1056
S0240	USES	T1041
S0240	USES	T1113
S0240	USES	T1012
S0240	USES	T1102
S0240	USES	T1063
S0240	USES	T1497
S0044	USES	T1105
S0044	USES	T1037
S0044	USES	T1057
S0044	USES	T1064
S0044	USES	T1016
S0044	USES	T1082
S0044	USES	T1071
S0044	USES	T1132
S0044	USES	T1085
S0044	USES	T1060
S0044	USES	T1027
S0044	USES	T1107
S0044	USES	T1053
S0044	USES	T1050
S0044	USES	T1113
S0044	USES	T1068
S0044	USES	T1122
S0044	USES	T1055
S0044	USES	T1008
S0044	USES	T1115
S0046	USES	T1003
S0046	USES	T1059
S0046	USES	T1036
S0046	USES	T1082
S0046	USES	T1071
S0046	USES	T1085
S0046	USES	T1060
S0046	USES	T1027
S0046	USES	T1053
S0046	USES	T1050
S0046	USES	T1102
S0046	USES	T1063
S0046	USES	T1497
S0180	USES	T1105
S0180	USES	T1057
S0180	USES	T1059
S0180	USES	T1007
S0180	USES	T1036
S0180	USES	T1016
S0180	USES	T1049
S0180	USES	T1082
S0180	USES	T1132
S0180	USES	T1043
S0180	USES	T1112
S0180	USES	T1031
S0180	USES	T1140
S0180	USES	T1027
S0180	USES	T1083
S0180	USES	T1107
S0180	USES	T1050
S0180	USES	T1065
S0180	USES	T1012
S0180	USES	T1032
S0180	USES	T1094
S0180	USES	T1106
S0085	USES	T1087
S0085	USES	T1007
S0085	USES	T1036
S0085	USES	T1082
S0085	USES	T1071
S0085	USES	T1132
S0085	USES	T1043
S0085	USES	T1060
S0085	USES	T1023
S0085	USES	T1136
S0085	USES	T1008
S0171	USES	T1105
S0171	USES	T1059
S0171	USES	T1036
S0171	USES	T1016
S0171	USES	T1082
S0171	USES	T1071
S0171	USES	T1033
S0171	USES	T1063
S0171	USES	T1032
S0171	USES	T1024
S0233	USES	T1135
S0233	USES	T1087
S0233	USES	T1059
S0233	USES	T1082
S0233	USES	T1107
S0233	USES	T1053
S0233	USES	T1018
S0233	USES	T1069
S0233	USES	T1046
S0186	USES	T1059
S0186	USES	T1082
S0186	USES	T1071
S0186	USES	T1060
S0186	USES	T1033
S0186	USES	T1086
S0186	USES	T1012
S0216	USES	T1189
S0216	USES	T1057
S0216	USES	T1082
S0216	USES	T1083
S0216	USES	T1113
S0216	USES	T1102
S0217	USES	T1105
S0217	USES	T1082
S0217	USES	T1113
S0055	USES	T1105
S0055	USES	T1071
S0055	USES	T1083
S0055	USES	T1055
S0135	USES	T1014
S0135	USES	T1055
S0364	USES	T1487
S0364	USES	T1485
S0364	USES	T1488
S0350	USES	T1077
S0350	USES	T1076
S0350	USES	T1059
S0350	USES	T1016
S0350	USES	T1082
S0350	USES	T1112
S0350	USES	T1033
S0350	USES	T1083
S0350	USES	T1107
S0350	USES	T1053
S0350	USES	T1050
S0234	USES	T1059
S0234	USES	T1056
S0234	USES	T1113
S0234	USES	T1093
S0234	USES	T1125
S0234	USES	T1123
S0354	USES	T1105
S0354	USES	T1059
S0354	USES	T1064
S0354	USES	T1002
S0354	USES	T1016
S0354	USES	T1073
S0354	USES	T1082
S0354	USES	T1071
S0354	USES	T1132
S0354	USES	T1043
S0354	USES	T1033
S0354	USES	T1140
S0354	USES	T1027
S0354	USES	T1083
S0354	USES	T1107
S0354	USES	T1012
S0354	USES	T1055
S0265	USES	T1105
S0265	USES	T1057
S0265	USES	T1087
S0265	USES	T1059
S0265	USES	T1005
S0265	USES	T1016
S0265	USES	T1082
S0265	USES	T1071
S0265	USES	T1132
S0265	USES	T1060
S0265	USES	T1033
S0265	USES	T1027
S0265	USES	T1083
S0265	USES	T1107
S0265	USES	T1047
S0265	USES	T1023
S0265	USES	T1074
S0265	USES	T1050
S0265	USES	T1069
S0265	USES	T1113
S0265	USES	T1055
S0265	USES	T1102
S0265	USES	T1008
S0265	USES	T1010
S0265	USES	T1485
S0265	USES	T1125
S0265	USES	T1029
S0245	USES	T1016
S0245	USES	T1082
S0245	USES	T1043
S0245	USES	T1112
S0245	USES	T1090
S0245	USES	T1089
S0245	USES	T1024
S0155	USES	T1082
S0155	USES	T1033
S0155	USES	T1107
S0155	USES	T1095
S0155	USES	T1012
S0155	USES	T1094
S0082	USES	T1105
S0082	USES	T1059
S0082	USES	T1007
S0082	USES	T1016
S0082	USES	T1082
S0082	USES	T1071
S0082	USES	T1085
S0082	USES	T1060
S0082	USES	T1027
S0082	USES	T1050
S0082	USES	T1069
S0082	USES	T1055
S0082	USES	T1009
S0082	USES	T1024
S0250	USES	T1076
S0250	USES	T1105
S0250	USES	T1135
S0250	USES	T1003
S0250	USES	T1059
S0250	USES	T1005
S0250	USES	T1064
S0250	USES	T1016
S0250	USES	T1085
S0250	USES	T1117
S0250	USES	T1033
S0250	USES	T1088
S0250	USES	T1047
S0250	USES	T1055
S0250	USES	T1046
S0250	USES	T1032
S0250	USES	T1170
S0250	USES	T1035
S0250	USES	T1115
S0128	USES	T1105
S0128	USES	T1119
S0128	USES	T1059
S0128	USES	T1005
S0128	USES	T1036
S0128	USES	T1073
S0128	USES	T1071
S0128	USES	T1132
S0128	USES	T1060
S0128	USES	T1083
S0128	USES	T1053
S0128	USES	T1056
S0128	USES	T1074
S0128	USES	T1113
S0128	USES	T1120
S0128	USES	T1001
S0128	USES	T1025
S0128	USES	T1116
S0128	USES	T1102
S0128	USES	T1039
S0128	USES	T1093
S0128	USES	T1024
S0128	USES	T1106
S0140	USES	T1078
S0140	USES	T1077
S0140	USES	T1105
S0140	USES	T1036
S0140	USES	T1016
S0140	USES	T1082
S0140	USES	T1071
S0140	USES	T1043
S0140	USES	T1112
S0140	USES	T1027
S0140	USES	T1053
S0140	USES	T1088
S0140	USES	T1018
S0140	USES	T1050
S0140	USES	T1012
S0140	USES	T1124
S0140	USES	T1487
S0140	USES	T1485
S0140	USES	T1035
S0140	USES	T1486
S0156	USES	T1059
S0156	USES	T1082
S0156	USES	T1047
S0160	USES	T1105
S0160	USES	T1140
S0160	USES	T1130
S0153	USES	T1105
S0153	USES	T1003
S0153	USES	T1059
S0153	USES	T1016
S0153	USES	T1049
S0153	USES	T1082
S0153	USES	T1071
S0153	USES	T1043
S0153	USES	T1060
S0153	USES	T1033
S0153	USES	T1027
S0153	USES	T1083
S0153	USES	T1107
S0153	USES	T1023
S0153	USES	T1065
S0153	USES	T1113
S0153	USES	T1038
S0153	USES	T1032
S0153	USES	T1094
S0158	USES	T1059
S0158	USES	T1112
S0158	USES	T1095
S0158	USES	T1094
S0067	USES	T1071
S0067	USES	T1107
S0067	USES	T1081
S0261	USES	T1036
S0261	USES	T1016
S0261	USES	T1112
S0261	USES	T1056
S0261	USES	T1074
S0261	USES	T1050
S0261	USES	T1113
S0261	USES	T1010
S0261	USES	T1115
S0144	USES	T1105
S0144	USES	T1057
S0144	USES	T1003
S0144	USES	T1036
S0144	USES	T1082
S0144	USES	T1071
S0144	USES	T1060
S0144	USES	T1083
S0144	USES	T1116
S0144	USES	T1089
S0144	USES	T1032
S0144	USES	T1024
S0264	USES	T1105
S0264	USES	T1059
S0264	USES	T1064
S0264	USES	T1002
S0264	USES	T1082
S0264	USES	T1071
S0264	USES	T1132
S0264	USES	T1140
S0264	USES	T1027
S0264	USES	T1107
S0264	USES	T1053
S0264	USES	T1047
S0264	USES	T1045
S0264	USES	T1074
S0264	USES	T1041
S0264	USES	T1030
S0264	USES	T1124
S0264	USES	T1497
S0269	USES	T1059
S0269	USES	T1036
S0269	USES	T1064
S0269	USES	T1016
S0269	USES	T1071
S0269	USES	T1112
S0269	USES	T1033
S0269	USES	T1140
S0269	USES	T1086
S0269	USES	T1027
S0269	USES	T1107
S0269	USES	T1053
S0269	USES	T1001
S0269	USES	T1012
S0269	USES	T1008
S0358	USES	T1114
S0358	USES	T1137
S0063	USES	T1057
S0063	USES	T1087
S0063	USES	T1049
S0063	USES	T1027
S0063	USES	T1083
S0063	USES	T1018
S0070	USES	T1105
S0070	USES	T1059
S0070	USES	T1036
S0070	USES	T1073
S0070	USES	T1071
S0070	USES	T1043
S0070	USES	T1060
S0070	USES	T1027
S0070	USES	T1083
S0070	USES	T1107
S0070	USES	T1056
S0070	USES	T1038
S0139	USES	T1105
S0139	USES	T1057
S0139	USES	T1059
S0139	USES	T1016
S0139	USES	T1082
S0139	USES	T1043
S0139	USES	T1085
S0139	USES	T1060
S0139	USES	T1033
S0139	USES	T1027
S0139	USES	T1083
S0139	USES	T1107
S0139	USES	T1124
S0139	USES	T1010
S0139	USES	T1485
S0139	USES	T1096
S0131	USES	T1060
S0131	USES	T1027
S0131	USES	T1083
S0131	USES	T1020
S0015	USES	T1001
S0169	USES	T1005
S0169	USES	T1036
S0169	USES	T1074
S0169	USES	T1050
S0169	USES	T1022
S0056	USES	T1077
S0056	USES	T1003
S0056	USES	T1110
S0056	USES	T1035
S0102	USES	T1016
S0102	USES	T1049
S0039	USES	T1077
S0039	USES	T1135
S0039	USES	T1087
S0039	USES	T1007
S0039	USES	T1049
S0039	USES	T1136
S0039	USES	T1018
S0039	USES	T1069
S0039	USES	T1126
S0039	USES	T1124
S0039	USES	T1201
S0039	USES	T1035
S0005	USES	T1003
S0161	USES	T1057
S0161	USES	T1082
S0161	USES	T1071
S0161	USES	T1033
S0161	USES	T1083
S0161	USES	T1107
S0161	USES	T1056
S0161	USES	T1081
S0161	USES	T1113
S0161	USES	T1120
S0161	USES	T1106
S0230	USES	T1105
S0230	USES	T1016
S0230	USES	T1073
S0230	USES	T1082
S0230	USES	T1071
S0230	USES	T1140
S0230	USES	T1027
S0230	USES	T1088
S0230	USES	T1045
S0230	USES	T1050
S0230	USES	T1001
S0230	USES	T1032
S0230	USES	T1009
S0129	USES	T1132
S0129	USES	T1086
S0129	USES	T1083
S0129	USES	T1088
S0335	USES	T1057
S0335	USES	T1087
S0335	USES	T1016
S0335	USES	T1049
S0335	USES	T1043
S0335	USES	T1140
S0335	USES	T1027
S0335	USES	T1053
S0335	USES	T1095
S0335	USES	T1018
S0335	USES	T1074
S0335	USES	T1050
S0335	USES	T1048
S0335	USES	T1012
S0335	USES	T1055
S0335	USES	T1124
S0037	USES	T1071
S0037	USES	T1086
S0037	USES	T1001
S0037	USES	T1048
S0037	USES	T1102
S0037	USES	T1024
S0349	USES	T1003
S0349	USES	T1081
S0104	USES	T1049
S0363	USES	T1021
S0363	USES	T1105
S0363	USES	T1097
S0363	USES	T1075
S0363	USES	T1210
S0363	USES	T1175
S0363	USES	T1057
S0363	USES	T1135
S0363	USES	T1087
S0363	USES	T1114
S0363	USES	T1003
S0363	USES	T1059
S0363	USES	T1064
S0363	USES	T1002
S0363	USES	T1016
S0363	USES	T1049
S0363	USES	T1082
S0363	USES	T1071
S0363	USES	T1043
S0363	USES	T1060
S0363	USES	T1031
S0363	USES	T1086
S0363	USES	T1027
S0363	USES	T1083
S0363	USES	T1053
S0363	USES	T1015
S0363	USES	T1088
S0363	USES	T1047
S0363	USES	T1023
S0363	USES	T1136
S0363	USES	T1056
S0363	USES	T1081
S0363	USES	T1041
S0363	USES	T1099
S0363	USES	T1113
S0363	USES	T1134
S0363	USES	T1068
S0363	USES	T1040
S0363	USES	T1048
S0363	USES	T1038
S0363	USES	T1055
S0363	USES	T1046
S0363	USES	T1102
S0363	USES	T1063
S0363	USES	T1032
S0363	USES	T1179
S0363	USES	T1035
S0363	USES	T1106
S0363	USES	T1125
S0363	USES	T1115
S0363	USES	T1145
S0363	USES	T1101
S0363	USES	T1178
S0363	USES	T1217
S0363	USES	T1482
S0363	USES	T1484
S0363	USES	T1208
S0363	USES	T1171
S0363	USES	T1034
S0363	USES	T1127
S0069	USES	T1057
S0069	USES	T1059
S0069	USES	T1083
S0069	USES	T1107
S0069	USES	T1104
S0069	USES	T1102
S0174	USES	T1040
S0174	USES	T1171
S0059	USES	T1057
S0059	USES	T1082
S0059	USES	T1071
S0059	USES	T1033
S0059	USES	T1083
S0059	USES	T1008
S0181	USES	T1016
S0181	USES	T1082
S0181	USES	T1083
S0181	USES	T1107
S0181	USES	T1099
S0181	USES	T1024
S0004	USES	T1059
S0004	USES	T1060
S0004	USES	T1023
S0004	USES	T1056
S0004	USES	T1050
S0004	USES	T1113
S0004	USES	T1089
S0004	USES	T1115
S0191	USES	T1035
S0352	USES	T1105
S0352	USES	T1059
S0352	USES	T1064
S0352	USES	T1082
S0352	USES	T1027
S0352	USES	T1107
S0352	USES	T1158
S0352	USES	T1022
S0352	USES	T1159
S0352	USES	T1160
S0378	USES	T1075
S0378	USES	T1210
S0378	USES	T1119
S0378	USES	T1087
S0378	USES	T1003
S0378	USES	T1007
S0378	USES	T1002
S0378	USES	T1016
S0378	USES	T1049
S0378	USES	T1082
S0378	USES	T1071
S0378	USES	T1083
S0378	USES	T1084
S0378	USES	T1088
S0378	USES	T1047
S0378	USES	T1090
S0378	USES	T1056
S0378	USES	T1110
S0378	USES	T1081
S0378	USES	T1069
S0378	USES	T1134
S0378	USES	T1068
S0378	USES	T1040
S0378	USES	T1055
S0378	USES	T1046
S0378	USES	T1201
S0378	USES	T1035
S0378	USES	T1482
S0378	USES	T1171
S0332	USES	T1105
S0332	USES	T1059
S0332	USES	T1064
S0332	USES	T1060
S0332	USES	T1112
S0332	USES	T1027
S0332	USES	T1083
S0332	USES	T1088
S0332	USES	T1090
S0332	USES	T1056
S0332	USES	T1113
S0332	USES	T1055
S0332	USES	T1125
S0332	USES	T1497
S0332	USES	T1115
S0332	USES	T1123
S0105	USES	T1087
S0105	USES	T1069
S0105	USES	T1482
S0195	USES	T1107
S0195	USES	T1116
S0195	USES	T1485
S0076	USES	T1071
S0076	USES	T1056
S0076	USES	T1001
S0076	USES	T1032
S0076	USES	T1024
S0223	USES	T1105
S0223	USES	T1175
S0223	USES	T1087
S0223	USES	T1005
S0223	USES	T1036
S0223	USES	T1064
S0223	USES	T1016
S0223	USES	T1082
S0223	USES	T1132
S0223	USES	T1043
S0223	USES	T1140
S0223	USES	T1086
S0223	USES	T1027
S0223	USES	T1107
S0223	USES	T1053
S0223	USES	T1047
S0223	USES	T1090
S0223	USES	T1065
S0223	USES	T1173
S0223	USES	T1113
S0223	USES	T1089
S0223	USES	T1063
S0223	USES	T1032
S0223	USES	T1170
S0223	USES	T1029
S0048	USES	T1003
S0048	USES	T1005
S0048	USES	T1082
S0048	USES	T1071
S0048	USES	T1083
S0232	USES	T1003
S0232	USES	T1059
S0232	USES	T1027
S0025	USES	T1059
S0025	USES	T1102
S0336	USES	T1105
S0336	USES	T1059
S0336	USES	T1064
S0336	USES	T1016
S0336	USES	T1060
S0336	USES	T1112
S0336	USES	T1027
S0336	USES	T1056
S0336	USES	T1065
S0336	USES	T1089
S0336	USES	T1032
S0336	USES	T1125
S0336	USES	T1123
S0097	USES	T1018
S0146	USES	T1059
S0146	USES	T1071
S0214	USES	T1105
S0214	USES	T1082
S0214	USES	T1033
S0083	USES	T1105
S0083	USES	T1059
S0083	USES	T1036
S0083	USES	T1082
S0083	USES	T1132
S0083	USES	T1043
S0083	USES	T1083
S0083	USES	T1107
S0083	USES	T1095
S0083	USES	T1070
S0083	USES	T1099
S0083	USES	T1094
S0013	USES	T1105
S0013	USES	T1057
S0013	USES	T1135
S0013	USES	T1059
S0013	USES	T1036
S0013	USES	T1049
S0013	USES	T1073
S0013	USES	T1071
S0013	USES	T1043
S0013	USES	T1060
S0013	USES	T1112
S0013	USES	T1031
S0013	USES	T1140
S0013	USES	T1083
S0013	USES	T1095
S0013	USES	T1056
S0013	USES	T1050
S0013	USES	T1113
S0013	USES	T1012
S0013	USES	T1102
S0013	USES	T1094
S0013	USES	T1026
S0013	USES	T1106
S0013	USES	T1497
S0013	USES	T1127
S0190	USES	T1105
S0190	USES	T1048
S0168	USES	T1105
S0168	USES	T1071
S0168	USES	T1060
S0168	USES	T1033
S0168	USES	T1027
S0168	USES	T1107
S0168	USES	T1053
S0168	USES	T1023
S0168	USES	T1090
S0168	USES	T1099
S0168	USES	T1116
S0168	USES	T1055
S0168	USES	T1004
S0168	USES	T1024
S0168	USES	T1096
S0168	USES	T1180
S0012	USES	T1105
S0012	USES	T1059
S0012	USES	T1005
S0012	USES	T1060
S0012	USES	T1112
S0012	USES	T1031
S0012	USES	T1027
S0012	USES	T1056
S0012	USES	T1074
S0012	USES	T1050
S0012	USES	T1065
S0012	USES	T1014
S0012	USES	T1055
S0012	USES	T1032
S0012	USES	T1010
S0187	USES	T1105
S0187	USES	T1003
S0187	USES	T1059
S0187	USES	T1036
S0187	USES	T1002
S0187	USES	T1071
S0187	USES	T1132
S0187	USES	T1027
S0187	USES	T1045
S0187	USES	T1056
S0187	USES	T1066
S0187	USES	T1113
S0187	USES	T1001
S0187	USES	T1116
S0187	USES	T1022
S0187	USES	T1032
S0091	USES	T1057
S0091	USES	T1087
S0091	USES	T1007
S0091	USES	T1002
S0091	USES	T1016
S0091	USES	T1049
S0091	USES	T1082
S0091	USES	T1071
S0091	USES	T1033
S0091	USES	T1027
S0091	USES	T1083
S0091	USES	T1107
S0091	USES	T1018
S0091	USES	T1069
S0091	USES	T1116
S0091	USES	T1012
S0091	USES	T1022
S0091	USES	T1124
S0091	USES	T1063
S0091	USES	T1032
S0130	USES	T1091
S0130	USES	T1105
S0130	USES	T1003
S0130	USES	T1016
S0130	USES	T1082
S0130	USES	T1033
S0130	USES	T1056
S0130	USES	T1089
S0189	USES	T1140
S0189	USES	T1027
S0189	USES	T1053
S0189	USES	T1093
S0110	USES	T1053
S0275	USES	T1105
S0275	USES	T1059
S0275	USES	T1016
S0275	USES	T1082
S0275	USES	T1071
S0275	USES	T1033
S0275	USES	T1083
S0275	USES	T1113
S0275	USES	T1124
S0275	USES	T1032
S0227	USES	T1213
S0162	USES	T1057
S0162	USES	T1071
S0162	USES	T1033
S0162	USES	T1107
S0162	USES	T1158
S0162	USES	T1024
S0162	USES	T1159
S0183	USES	T1188
S0183	USES	T1079
S0211	USES	T1105
S0211	USES	T1057
S0211	USES	T1059
S0211	USES	T1005
S0211	USES	T1082
S0211	USES	T1083
S0211	USES	T1107
S0211	USES	T1008
S0211	USES	T1029
S0351	USES	T1105
S0351	USES	T1057
S0351	USES	T1082
S0351	USES	T1071
S0351	USES	T1033
S0351	USES	T1083
S0351	USES	T1041
S0351	USES	T1065
S0351	USES	T1113
S0351	USES	T1124
S0351	USES	T1004
S0029	USES	T1077
S0029	USES	T1035
S0049	USES	T1057
S0049	USES	T1087
S0049	USES	T1007
S0049	USES	T1016
S0049	USES	T1071
S0049	USES	T1083
S0173	USES	T1071
S0173	USES	T1090
S0238	USES	T1119
S0238	USES	T1057
S0238	USES	T1059
S0238	USES	T1005
S0238	USES	T1064
S0238	USES	T1016
S0238	USES	T1082
S0238	USES	T1071
S0238	USES	T1043
S0238	USES	T1083
S0238	USES	T1107
S0238	USES	T1041
S0238	USES	T1012
S0238	USES	T1124
S0238	USES	T1485
S0238	USES	T1035
S0271	USES	T1105
S0271	USES	T1057
S0271	USES	T1059
S0271	USES	T1016
S0271	USES	T1082
S0271	USES	T1043
S0271	USES	T1112
S0271	USES	T1083
S0271	USES	T1107
S0271	USES	T1113
S0271	USES	T1024
S0357	USES	T1003
S0357	USES	T1047
S0357	USES	T1040
S0357	USES	T1035
S0357	USES	T1208
S0357	USES	T1171
S0229	USES	T1105
S0229	USES	T1057
S0229	USES	T1059
S0229	USES	T1064
S0229	USES	T1016
S0229	USES	T1082
S0229	USES	T1117
S0229	USES	T1027
S0229	USES	T1083
S0229	USES	T1070
S0229	USES	T1102
S0229	USES	T1093
S0077	USES	T1105
S0077	USES	T1059
S0077	USES	T1041
S0077	USES	T1032
S0270	USES	T1105
S0270	USES	T1057
S0270	USES	T1059
S0270	USES	T1064
S0270	USES	T1016
S0270	USES	T1082
S0270	USES	T1117
S0270	USES	T1060
S0270	USES	T1033
S0270	USES	T1140
S0270	USES	T1086
S0270	USES	T1027
S0270	USES	T1047
S0270	USES	T1023
S0270	USES	T1113
S0270	USES	T1001
S0270	USES	T1102
S0270	USES	T1063
S0270	USES	T1094
S0270	USES	T1497
S0032	USES	T1105
S0032	USES	T1057
S0032	USES	T1059
S0032	USES	T1073
S0032	USES	T1043
S0032	USES	T1085
S0032	USES	T1060
S0032	USES	T1107
S0032	USES	T1070
S0032	USES	T1056
S0032	USES	T1050
S0032	USES	T1113
S0032	USES	T1032
S0241	USES	T1105
S0241	USES	T1057
S0241	USES	T1087
S0241	USES	T1059
S0241	USES	T1007
S0241	USES	T1016
S0241	USES	T1049
S0241	USES	T1082
S0241	USES	T1071
S0241	USES	T1043
S0241	USES	T1033
S0241	USES	T1086
S0241	USES	T1047
S0241	USES	T1018
S0241	USES	T1012
S0241	USES	T1055
S0166	USES	T1105
S0166	USES	T1053
S0166	USES	T1035
S0213	USES	T1105
S0213	USES	T1027
S0213	USES	T1056
S0213	USES	T1113
S0213	USES	T1102
S0213	USES	T1123
S0043	USES	T1082
S0043	USES	T1071
S0043	USES	T1095
S0347	USES	T1105
S0347	USES	T1059
S0347	USES	T1043
S0347	USES	T1140
S0347	USES	T1027
S0347	USES	T1083
S0347	USES	T1107
S0347	USES	T1090
S0347	USES	T1050
S0347	USES	T1055
S0099	USES	T1016
S0036	USES	T1005
S0036	USES	T1060
S0036	USES	T1083
S0036	USES	T1074
S0036	USES	T1025
S0036	USES	T1022
S0219	USES	T1057
S0219	USES	T1059
S0219	USES	T1007
S0219	USES	T1082
S0219	USES	T1033
S0219	USES	T1083
S0219	USES	T1010
S0061	USES	T1089
S0061	USES	T1046
S0206	USES	T1105
S0206	USES	T1059
S0206	USES	T1043
S0206	USES	T1050
S0206	USES	T1055
S0157	USES	T1082
S0157	USES	T1071
S0157	USES	T1112
S0157	USES	T1083
S0157	USES	T1010
S0176	USES	T1073
S0176	USES	T1082
S0176	USES	T1107
S0176	USES	T1050
S0176	USES	T1068
S0176	USES	T1055
S0176	USES	T1063
S0176	USES	T1035
S0176	USES	T1177
S0074	USES	T1105
S0074	USES	T1059
S0074	USES	T1073
S0074	USES	T1071
S0074	USES	T1085
S0074	USES	T1060
S0074	USES	T1027
S0074	USES	T1107
S0074	USES	T1088
S0074	USES	T1050
S0074	USES	T1024
S0033	USES	T1056
S0033	USES	T1010
S0051	USES	T1105
S0051	USES	T1071
S0051	USES	T1102
S0051	USES	T1008
S0194	USES	T1057
S0194	USES	T1087
S0194	USES	T1003
S0194	USES	T1005
S0194	USES	T1060
S0194	USES	T1031
S0194	USES	T1086
S0194	USES	T1027
S0194	USES	T1053
S0194	USES	T1047
S0194	USES	T1056
S0194	USES	T1066
S0194	USES	T1113
S0194	USES	T1134
S0194	USES	T1038
S0194	USES	T1012
S0194	USES	T1055
S0194	USES	T1123
S0194	USES	T1101
S0194	USES	T1482
S0194	USES	T1208
S0194	USES	T1034
S0194	USES	T1214
S0053	USES	T1078
S0053	USES	T1105
S0053	USES	T1097
S0053	USES	T1114
S0053	USES	T1059
S0053	USES	T1064
S0053	USES	T1002
S0053	USES	T1071
S0053	USES	T1132
S0053	USES	T1060
S0053	USES	T1086
S0053	USES	T1107
S0053	USES	T1084
S0053	USES	T1045
S0053	USES	T1023
S0053	USES	T1032
S0022	USES	T1045
S0022	USES	T1014
S0034	USES	T1057
S0034	USES	T1059
S0034	USES	T1071
S0034	USES	T1060
S0034	USES	T1083
S0034	USES	T1095
S0034	USES	T1041
S0034	USES	T1032
S0034	USES	T1094
S0034	USES	T1008
S0125	USES	T1105
S0125	USES	T1057
S0125	USES	T1087
S0125	USES	T1003
S0125	USES	T1036
S0125	USES	T1016
S0125	USES	T1049
S0125	USES	T1082
S0125	USES	T1071
S0125	USES	T1033
S0125	USES	T1027
S0125	USES	T1083
S0125	USES	T1107
S0125	USES	T1053
S0125	USES	T1095
S0125	USES	T1018
S0125	USES	T1056
S0125	USES	T1065
S0125	USES	T1068
S0125	USES	T1025
S0125	USES	T1048
S0125	USES	T1055
S0125	USES	T1089
S0125	USES	T1046
S0125	USES	T1063
S0125	USES	T1032
S0125	USES	T1094
S0125	USES	T1052
S0125	USES	T1174
S0023	USES	T1091
S0023	USES	T1105
S0023	USES	T1059
S0023	USES	T1071
S0023	USES	T1112
S0023	USES	T1083
S0023	USES	T1090
S0023	USES	T1056
S0023	USES	T1092
S0023	USES	T1113
S0023	USES	T1012
S0023	USES	T1063
S0023	USES	T1032
S0023	USES	T1008
S0023	USES	T1497
S0023	USES	T1483
S0239	USES	T1105
S0239	USES	T1119
S0239	USES	T1057
S0239	USES	T1087
S0239	USES	T1059
S0239	USES	T1005
S0239	USES	T1082
S0239	USES	T1071
S0239	USES	T1132
S0239	USES	T1112
S0239	USES	T1031
S0239	USES	T1140
S0239	USES	T1083
S0239	USES	T1107
S0239	USES	T1203
S0239	USES	T1070
S0239	USES	T1041
S0239	USES	T1065
S0239	USES	T1099
S0239	USES	T1134
S0239	USES	T1001
S0239	USES	T1012
S0239	USES	T1106
S0228	USES	T1105
S0228	USES	T1064
S0228	USES	T1016
S0228	USES	T1082
S0228	USES	T1071
S0228	USES	T1060
S0228	USES	T1033
S0228	USES	T1027
S0228	USES	T1107
S0228	USES	T1089
S0228	USES	T1170
S0196	USES	T1105
S0196	USES	T1036
S0196	USES	T1071
S0196	USES	T1085
S0196	USES	T1060
S0196	USES	T1107
S0196	USES	T1182
S0196	USES	T1129
S0263	USES	T1105
S0263	USES	T1059
S0263	USES	T1064
S0263	USES	T1082
S0263	USES	T1043
S0263	USES	T1112
S0263	USES	T1031
S0263	USES	T1140
S0263	USES	T1204
S0263	USES	T1027
S0263	USES	T1083
S0263	USES	T1107
S0263	USES	T1090
S0263	USES	T1050
S0263	USES	T1065
S0263	USES	T1089
S0263	USES	T1094
S0052	USES	T1003
S0052	USES	T1071
S0052	USES	T1102
S0117	USES	T1105
S0117	USES	T1059
S0117	USES	T1027
S0117	USES	T1090
S0117	USES	T1081
S0117	USES	T1046
S0117	USES	T1032
S0117	USES	T1009
S0117	USES	T1008
S0006	USES	T1003
S0126	USES	T1071
S0126	USES	T1122
S0058	USES	T1036
S0058	USES	T1082
S0058	USES	T1060
S0058	USES	T1033
S0058	USES	T1023
S0058	USES	T1056
S0058	USES	T1134
S0058	USES	T1089
S0058	USES	T1008
S0375	USES	T1059
S0375	USES	T1064
S0375	USES	T1071
S0375	USES	T1060
S0375	USES	T1140
S0375	USES	T1027
S0375	USES	T1083
S0375	USES	T1053
S0375	USES	T1047
S0375	USES	T1056
S0375	USES	T1041
S0375	USES	T1113
S0375	USES	T1022
S0375	USES	T1004
S0375	USES	T1010
S0375	USES	T1115
S0031	USES	T1057
S0031	USES	T1059
S0031	USES	T1082
S0031	USES	T1071
S0031	USES	T1060
S0031	USES	T1112
S0031	USES	T1083
S0031	USES	T1023
S0031	USES	T1090
S0031	USES	T1104
S0031	USES	T1041
S0031	USES	T1001
S0031	USES	T1012
S0031	USES	T1089
S0057	USES	T1057
S0057	USES	T1007
S0057	USES	T1063
S0138	USES	T1003
S0138	USES	T1036
S0138	USES	T1071
S0138	USES	T1027
S0066	USES	T1071
S0066	USES	T1083
S0066	USES	T1108
S0066	USES	T1099
S0066	USES	T1032
S0066	USES	T1024
S0175	USES	T1172
S0224	USES	T1190
S0235	USES	T1060
S0235	USES	T1083
S0235	USES	T1113
S0235	USES	T1159
S0215	USES	T1189
S0215	USES	T1105
S0215	USES	T1082
S0215	USES	T1102
S0068	USES	T1059
S0068	USES	T1071
S0068	USES	T1024
S0124	USES	T1105
S0124	USES	T1059
S0124	USES	T1016
S0124	USES	T1082
S0124	USES	T1071
S0124	USES	T1132
S0124	USES	T1060
S0124	USES	T1027
S0124	USES	T1083
S0095	USES	T1043
S0095	USES	T1048
S0207	USES	T1105
S0207	USES	T1071
S0207	USES	T1060
S0207	USES	T1090
S0086	USES	T1105
S0086	USES	T1059
S0086	USES	T1007
S0086	USES	T1036
S0086	USES	T1002
S0086	USES	T1082
S0086	USES	T1071
S0086	USES	T1083
S0086	USES	T1050
S0086	USES	T1113
S0345	USES	T1105
S0345	USES	T1057
S0345	USES	T1059
S0345	USES	T1036
S0345	USES	T1071
S0345	USES	T1060
S0345	USES	T1027
S0345	USES	T1083
S0345	USES	T1107
S0345	USES	T1050
S0345	USES	T1094
S0197	USES	T1005
S0197	USES	T1027
S0197	USES	T1074
S0225	USES	T1190
S0045	USES	T1057
S0045	USES	T1059
S0045	USES	T1002
S0045	USES	T1082
S0045	USES	T1071
S0045	USES	T1132
S0045	USES	T1043
S0045	USES	T1085
S0045	USES	T1060
S0045	USES	T1112
S0045	USES	T1027
S0045	USES	T1083
S0045	USES	T1107
S0045	USES	T1056
S0045	USES	T1074
S0045	USES	T1041
S0045	USES	T1120
S0045	USES	T1122
S0045	USES	T1012
S0045	USES	T1022
S0045	USES	T1032
S0045	USES	T1106
S0045	USES	T1029
S0262	USES	T1076
S0262	USES	T1105
S0262	USES	T1003
S0262	USES	T1059
S0262	USES	T1036
S0262	USES	T1082
S0262	USES	T1112
S0262	USES	T1053
S0262	USES	T1090
S0262	USES	T1056
S0262	USES	T1081
S0262	USES	T1116
S0262	USES	T1032
S0262	USES	T1125
S0314	USES	T1444
S0314	USES	T1430
S0111	USES	T1053
S0272	USES	T1105
S0272	USES	T1082
S0272	USES	T1033
S0272	USES	T1083
S0272	USES	T1032
S0119	USES	T1003
S0145	USES	T1105
S0145	USES	T1071
S0145	USES	T1060
S0145	USES	T1086
S0145	USES	T1012
S0145	USES	T1096
S0178	USES	T1036
S0178	USES	T1060
S0355	USES	T1057
S0355	USES	T1082
S0355	USES	T1071
S0355	USES	T1060
S0355	USES	T1140
S0355	USES	T1027
S0021	USES	T1057
S0021	USES	T1059
S0021	USES	T1082
S0021	USES	T1043
S0021	USES	T1117
S0021	USES	T1033
S0021	USES	T1083
S0021	USES	T1107
S0021	USES	T1095
S0021	USES	T1056
S0021	USES	T1099
S0021	USES	T1113
S0021	USES	T1012
S0021	USES	T1055
S0021	USES	T1094
S0021	USES	T1008
S0021	USES	T1024
S0021	USES	T1125
S0021	USES	T1123
S0334	USES	T1076
S0334	USES	T1105
S0334	USES	T1057
S0334	USES	T1059
S0334	USES	T1036
S0334	USES	T1064
S0334	USES	T1082
S0334	USES	T1071
S0334	USES	T1060
S0334	USES	T1112
S0334	USES	T1033
S0334	USES	T1045
S0334	USES	T1056
S0334	USES	T1089
S0334	USES	T1125
S0334	USES	T1115
S0334	USES	T1123
S0371	USES	T1003
S0371	USES	T1071
S0371	USES	T1043
S0371	USES	T1060
S0371	USES	T1086
S0371	USES	T1084
S0371	USES	T1032
S0078	USES	T1105
S0078	USES	T1071
S0078	USES	T1083
S0078	USES	T1041
S0078	USES	T1099
S0372	USES	T1105
S0372	USES	T1107
S0372	USES	T1486
S0100	USES	T1016
S0137	USES	T1105
S0137	USES	T1082
S0137	USES	T1071
S0137	USES	T1132
S0137	USES	T1085
S0137	USES	T1060
S0137	USES	T1027
S0137	USES	T1009
S0137	USES	T1024
S0050	USES	T1114
S0050	USES	T1003
S0050	USES	T1005
S0050	USES	T1071
S0050	USES	T1083
S0050	USES	T1053
S0050	USES	T1056
S0050	USES	T1050
S0050	USES	T1113
S0050	USES	T1068
S0050	USES	T1025
S0050	USES	T1048
S0050	USES	T1039
S0050	USES	T1024
S0050	USES	T1020
S0050	USES	T1115
S0204	USES	T1105
S0204	USES	T1043
S0204	USES	T1085
S0204	USES	T1060
S0204	USES	T1050
S0284	USES	T1105
S0284	USES	T1016
S0284	USES	T1082
S0284	USES	T1071
S0284	USES	T1033
S0284	USES	T1107
S0284	USES	T1063
S0084	USES	T1087
S0084	USES	T1059
S0084	USES	T1036
S0084	USES	T1016
S0084	USES	T1082
S0084	USES	T1071
S0084	USES	T1132
S0084	USES	T1043
S0084	USES	T1033
S0084	USES	T1095
S0084	USES	T1136
S0084	USES	T1094
S0084	USES	T1008
S0028	USES	T1091
S0028	USES	T1060
S0028	USES	T1023
S0122	USES	T1075
S0255	USES	T1105
S0255	USES	T1085
S0255	USES	T1140
S0255	USES	T1083
S0255	USES	T1094
S0198	USES	T1082
S0198	USES	T1060
S0198	USES	T1056
S0198	USES	T1113
S0198	USES	T1116
S0152	USES	T1043
S0152	USES	T1060
S0152	USES	T1056
S0152	USES	T1113
S0152	USES	T1125
S0152	USES	T1123
S0184	USES	T1105
S0184	USES	T1057
S0184	USES	T1087
S0184	USES	T1059
S0184	USES	T1016
S0184	USES	T1049
S0184	USES	T1082
S0184	USES	T1071
S0184	USES	T1132
S0184	USES	T1033
S0184	USES	T1086
S0184	USES	T1083
S0184	USES	T1053
S0184	USES	T1047
S0184	USES	T1069
S0184	USES	T1113
S0184	USES	T1012
S0184	USES	T1063
S0192	USES	T1076
S0192	USES	T1105
S0192	USES	T1057
S0192	USES	T1135
S0192	USES	T1087
S0192	USES	T1114
S0192	USES	T1003
S0192	USES	T1064
S0192	USES	T1002
S0192	USES	T1016
S0192	USES	T1049
S0192	USES	T1082
S0192	USES	T1071
S0192	USES	T1060
S0192	USES	T1033
S0192	USES	T1086
S0192	USES	T1083
S0192	USES	T1070
S0192	USES	T1088
S0192	USES	T1136
S0192	USES	T1056
S0192	USES	T1041
S0192	USES	T1113
S0192	USES	T1134
S0192	USES	T1055
S0192	USES	T1046
S0192	USES	T1032
S0192	USES	T1035
S0192	USES	T1125
S0192	USES	T1497
S0192	USES	T1123
S0192	USES	T1171
S0192	USES	T1079
S0192	USES	T1501
S0008	USES	T1003
S0109	USES	T1105
S0109	USES	T1059
S0109	USES	T1038
S0141	USES	T1036
S0141	USES	T1085
S0141	USES	T1050
S0121	USES	T1003
S0020	USES	T1105
S0020	USES	T1059
S0020	USES	T1005
S0020	USES	T1064
S0020	USES	T1071
S0020	USES	T1083
S0020	USES	T1045
S0020	USES	T1110
S0020	USES	T1099
S0020	USES	T1100
S0020	USES	T1046
S0075	USES	T1112
S0075	USES	T1012
S0075	USES	T1214
S0065	USES	T1057
S0065	USES	T1059
S0065	USES	T1082
S0065	USES	T1071
S0065	USES	T1083
S0065	USES	T1024
S0212	USES	T1002
S0212	USES	T1071
S0212	USES	T1083
S0212	USES	T1022
S0251	USES	T1105
S0251	USES	T1037
S0251	USES	T1119
S0251	USES	T1057
S0251	USES	T1135
S0251	USES	T1082
S0251	USES	T1071
S0251	USES	T1060
S0251	USES	T1033
S0251	USES	T1140
S0251	USES	T1083
S0251	USES	T1107
S0251	USES	T1047
S0251	USES	T1045
S0251	USES	T1074
S0251	USES	T1065
S0251	USES	T1113
S0251	USES	T1120
S0251	USES	T1022
S0251	USES	T1124
S0251	USES	T1032
S0251	USES	T1179
S0251	USES	T1094
S0247	USES	T1105
S0247	USES	T1057
S0247	USES	T1059
S0247	USES	T1064
S0247	USES	T1082
S0247	USES	T1071
S0247	USES	T1060
S0247	USES	T1056
S0247	USES	T1074
S0247	USES	T1055
S0064	USES	T1057
S0064	USES	T1071
S0064	USES	T1043
S0064	USES	T1083
S0376	USES	T1105
S0376	USES	T1075
S0376	USES	T1003
S0376	USES	T1059
S0376	USES	T1082
S0376	USES	T1043
S0376	USES	T1112
S0376	USES	T1083
S0376	USES	T1047
S0376	USES	T1090
S0376	USES	T1041
S0376	USES	T1065
S0376	USES	T1001
S0376	USES	T1012
S0376	USES	T1055
S0376	USES	T1089
S0376	USES	T1124
S0376	USES	T1008
S0376	USES	T1035
S0258	USES	T1105
S0258	USES	T1059
S0258	USES	T1071
S0258	USES	T1033
S0258	USES	T1140
S0258	USES	T1022
S0118	USES	T1105
S0118	USES	T1036
S0118	USES	T1043
S0118	USES	T1050
S0118	USES	T1032
S0079	USES	T1105
S0079	USES	T1057
S0079	USES	T1005
S0079	USES	T1082
S0079	USES	T1083
S0079	USES	T1041
S0079	USES	T1065
S0079	USES	T1032
S0079	USES	T1217
S0199	USES	T1105
S0199	USES	T1059
S0199	USES	T1082
S0199	USES	T1060
S0199	USES	T1113
S0199	USES	T1055
S0208	USES	T1105
S0208	USES	T1057
S0208	USES	T1005
S0208	USES	T1082
S0208	USES	T1043
S0208	USES	T1083
S0208	USES	T1107
S0208	USES	T1177
S0159	USES	T1059
S0159	USES	T1071
S0159	USES	T1060
S0159	USES	T1032
S0123	USES	T1035
S0030	USES	T1076
S0030	USES	T1057
S0030	USES	T1114
S0030	USES	T1003
S0030	USES	T1059
S0030	USES	T1071
S0030	USES	T1043
S0030	USES	T1060
S0030	USES	T1027
S0030	USES	T1107
S0030	USES	T1136
S0030	USES	T1056
S0030	USES	T1113
S0030	USES	T1219
S0030	USES	T1030
S0030	USES	T1012
S0030	USES	T1055
S0030	USES	T1032
S0030	USES	T1094
S0030	USES	T1024
S0254	USES	T1105
S0254	USES	T1057
S0254	USES	T1059
S0254	USES	T1016
S0254	USES	T1082
S0254	USES	T1060
S0254	USES	T1112
S0254	USES	T1088
S0254	USES	T1094
S0254	USES	T1024
S0081	USES	T1105
S0081	USES	T1057
S0081	USES	T1087
S0081	USES	T1007
S0081	USES	T1036
S0081	USES	T1016
S0081	USES	T1082
S0081	USES	T1071
S0081	USES	T1132
S0081	USES	T1085
S0081	USES	T1060
S0081	USES	T1027
S0081	USES	T1083
S0081	USES	T1107
S0081	USES	T1074
S0081	USES	T1050
S0081	USES	T1099
S0081	USES	T1055
S0081	USES	T1032
S0151	USES	T1057
S0151	USES	T1082
S0151	USES	T1086
S0151	USES	T1107
S0151	USES	T1047
S0151	USES	T1113
S0071	USES	T1059
S0071	USES	T1050
S0236	USES	T1077
S0236	USES	T1105
S0236	USES	T1057
S0236	USES	T1135
S0236	USES	T1087
S0236	USES	T1007
S0236	USES	T1036
S0236	USES	T1016
S0236	USES	T1049
S0236	USES	T1082
S0236	USES	T1085
S0236	USES	T1033
S0236	USES	T1140
S0236	USES	T1027
S0236	USES	T1083
S0236	USES	T1018
S0236	USES	T1050
S0236	USES	T1069
S0236	USES	T1009
S0236	USES	T1201
S0236	USES	T1008
S0182	USES	T1057
S0182	USES	T1036
S0182	USES	T1073
S0182	USES	T1082
S0182	USES	T1060
S0182	USES	T1140
S0182	USES	T1027
S0182	USES	T1083
S0182	USES	T1070
S0182	USES	T1088
S0182	USES	T1045
S0182	USES	T1050
S0182	USES	T1113
S0182	USES	T1134
S0182	USES	T1067
S0182	USES	T1038
S0182	USES	T1012
S0182	USES	T1055
S0182	USES	T1063
S0182	USES	T1179
S0182	USES	T1009
S0182	USES	T1497
S0054	USES	T1105
S0054	USES	T1071
S0054	USES	T1102
S0136	USES	T1091
S0136	USES	T1119
S0136	USES	T1036
S0136	USES	T1060
S0136	USES	T1027
S0136	USES	T1083
S0136	USES	T1107
S0136	USES	T1074
S0136	USES	T1092
S0136	USES	T1099
S0136	USES	T1120
S0136	USES	T1025
S0136	USES	T1020
S0136	USES	T1052
S0273	USES	T1057
S0273	USES	T1086
S0273	USES	T1090
S0273	USES	T1113
S0273	USES	T1055
S0002	USES	T1097
S0002	USES	T1075
S0002	USES	T1003
S0002	USES	T1098
S0002	USES	T1081
S0002	USES	T1207
S0002	USES	T1145
S0002	USES	T1101
S0002	USES	T1178
S0154	USES	T1078
S0154	USES	T1028
S0154	USES	T1077
S0154	USES	T1021
S0154	USES	T1076
S0154	USES	T1075
S0154	USES	T1175
S0154	USES	T1057
S0154	USES	T1135
S0154	USES	T1003
S0154	USES	T1059
S0154	USES	T1005
S0154	USES	T1064
S0154	USES	T1071
S0154	USES	T1043
S0154	USES	T1086
S0154	USES	T1088
S0154	USES	T1047
S0154	USES	T1090
S0154	USES	T1018
S0154	USES	T1056
S0154	USES	T1050
S0154	USES	T1066
S0154	USES	T1099
S0154	USES	T1113
S0154	USES	T1134
S0154	USES	T1068
S0154	USES	T1055
S0154	USES	T1046
S0154	USES	T1197
S0154	USES	T1094
S0154	USES	T1093
S0154	USES	T1026
S0154	USES	T1035
S0154	USES	T1106
S0154	USES	T1185
S0154	USES	T1029
S0154	USES	T122
S0193	USES	T1005
S0193	USES	T1083
S0193	USES	T1202
S0243	USES	T1064
S0243	USES	T1071
S0243	USES	T1203
S0147	USES	T1105
S0147	USES	T1059
S0147	USES	T1071
S0147	USES	T1085
S0147	USES	T1060
S0147	USES	T1083
S0147	USES	T1107
S0147	USES	T1053
S0147	USES	T1074
S0147	USES	T1041
S0147	USES	T1113
S0203	USES	T1105
S0203	USES	T1057
S0203	USES	T1007
S0203	USES	T1005
S0203	USES	T1016
S0203	USES	T1082
S0203	USES	T1112
S0203	USES	T1027
S0203	USES	T1083
S0203	USES	T1107
S0203	USES	T1070
S0203	USES	T1050
S0203	USES	T1113
S0203	USES	T1134
S0203	USES	T1048
S0203	USES	T1012
S0203	USES	T1024
S0203	USES	T1035
S0203	USES	T1129
S0093	USES	T1057
S0093	USES	T1114
S0093	USES	T1003
S0093	USES	T1016
S0093	USES	T1082
S0093	USES	T1060
S0093	USES	T1033
S0093	USES	T1083
S0093	USES	T1107
S0093	USES	T1001
S0093	USES	T1055
S0093	USES	T1022
S0089	USES	T1077
S0089	USES	T1057
S0089	USES	T1016
S0089	USES	T1049
S0089	USES	T1082
S0089	USES	T1071
S0089	USES	T1060
S0089	USES	T1083
S0089	USES	T1070
S0089	USES	T1088
S0089	USES	T1047
S0089	USES	T1023
S0089	USES	T1056
S0089	USES	T1081
S0089	USES	T1050
S0089	USES	T1113
S0089	USES	T1120
S0089	USES	T1055
S0089	USES	T1046
S0089	USES	T1008
S0089	USES	T1485
S0089	USES	T1044
S0035	USES	T1060
S0035	USES	T1083
S0035	USES	T1023
S0035	USES	T1074
S0035	USES	T1022
S0035	USES	T1052
S0096	USES	T1082
admin@338	USES	S0042
Molerats	USES	S0062
Dragonfly	USES	S0094
Axiom	USES	S0009
RTM	USES	S0148
APT1	USES	S0017
Turla	USES	S0256
Lazarus Group	USES	S0366
Deep Panda	USES	S0142
Deep Panda	USES	S0080
SilverTerrier	USES	S0331
Naikon	USES	S0060
Threat Group-3390	USES	S0072
OilRig	USES	S0185
APT29	USES	S0150
APT39	USES	S0073
Threat Group-3390	USES	S0073
Night Dragon	USES	S0073
APT12	USES	S0003
Carbanak	USES	S0108
APT32	USES	S0108
Lazarus Group	USES	S0108
Naikon	USES	S0108
Dragonfly 2.0	USES	S0108
Elderwood	USES	S0205
Elderwood	USES	S0210
APT1	USES	S0026
OilRig	USES	S0360
APT3	USES	S0165
Sowbug	USES	S0188
OilRig	USES	S0170
Lazarus Group	USES	S0246
Ke3chang	USES	S0280
APT37	USES	S0218
Honeybee	USES	S0106
menuPass	USES	S0106
APT18	USES	S0106
Orangeworm	USES	S0106
BRONZE BUTLER	USES	S0106
PittyTiger	USES	S0010
Orangeworm	USES	S0103
APT37	USES	S0240
APT28	USES	S0044
APT29	USES	S0046
Lazarus Group	USES	S0180
Dust Storm	USES	S0085
Sowbug	USES	S0171
Leviathan	USES	S0233
Charming Kitten	USES	S0186
APT37	USES	S0216
APT37	USES	S0217
Naikon	USES	S0055
APT28	USES	S0135
Lazarus Group	USES	S0364
Night Dragon	USES	S0350
Dark Caracal	USES	S0234
PLATINUM	USES	S0201
APT32	USES	S0354
Turla	USES	S0265
Lazarus Group	USES	S0245
APT32	USES	S0155
Lotus Blossom	USES	S0082
APT28	USES	S0250
Patchwork	USES	S0128
APT33	USES	S0140
APT32	USES	S0156
APT28	USES	S0160
Rancor	USES	S0160
menuPass	USES	S0160
OilRig	USES	S0160
menuPass	USES	S0153
APT32	USES	S0158
Putter Panda	USES	S0067
Thrip	USES	S0261
menuPass	USES	S0144
OilRig	USES	S0264
OilRig	USES	S0269
APT33	USES	S0358
APT3	USES	S0063
Threat Group-3390	USES	S0070
APT18	USES	S0070
APT29	USES	S0139
Patchwork	USES	S0131
APT12	USES	S0015
FIN5	USES	S0169
Cleaver	USES	S0056
Turla	USES	S0102
APT1	USES	S0039
Deep Panda	USES	S0039
APT32	USES	S0039
menuPass	USES	S0039
Threat Group-1314	USES	S0039
Threat Group-3390	USES	S0039
Naikon	USES	S0039
Leviathan	USES	S0039
Turla	USES	S0039
Orangeworm	USES	S0039
APT38	USES	S0039
OilRig	USES	S0039
FIN8	USES	S0039
Dragonfly 2.0	USES	S0039
APT33	USES	S0039
admin@338	USES	S0039
Ke3chang	USES	S0039
BRONZE BUTLER	USES	S0039
APT39	USES	S0005
Threat Group-3390	USES	S0005
FIN6	USES	S0005
Leviathan	USES	S0005
FIN5	USES	S0005
BRONZE BUTLER	USES	S0005
APT28	USES	S0161
TA459	USES	S0230
Patchwork	USES	S0129
APT33	USES	S0129
Turla	USES	S0335
APT29	USES	S0037
MuddyWater	USES	S0349
OilRig	USES	S0349
APT33	USES	S0349
APT3	USES	S0349
Leafminer	USES	S0349
Turla	USES	S0104
Orangeworm	USES	S0104
OilRig	USES	S0104
admin@338	USES	S0104
Ke3chang	USES	S0104
APT19	USES	S0363
FIN10	USES	S0363
CopyKittens	USES	S0363
Turla	USES	S0363
APT33	USES	S0363
APT17	USES	S0069
Leviathan	USES	S0069
APT28	USES	S0174
Naikon	USES	S0059
Lazarus Group	USES	S0181
Cleaver	USES	S0004
APT28	USES	S0191
APT32	USES	S0352
APT33	USES	S0378
Gorgon Group	USES	S0332
FIN8	USES	S0105
Cobalt Group	USES	S0195
FIN5	USES	S0195
APT29	USES	S0195
Scarlet Mimic	USES	S0076
MuddyWater	USES	S0223
APT29	USES	S0048
CopyKittens	USES	S0164
Leviathan	USES	S0232
APT1	USES	S0025
Gorgon Group	USES	S0336
SilverTerrier	USES	S0336
APT33	USES	S0336
Deep Panda	USES	S0097
menuPass	USES	S0097
Naikon	USES	S0097
Ke3chang	USES	S0097
PLATINUM	USES	S0200
FIN7	USES	S0146
APT37	USES	S0214
Dust Storm	USES	S0083
menuPass	USES	S0013
Threat Group-3390	USES	S0013
DragonOK	USES	S0013
APT3	USES	S0013
TA459	USES	S0013
Leviathan	USES	S0190
Turla	USES	S0168
APT1	USES	S0012
menuPass	USES	S0012
Molerats	USES	S0012
PittyTiger	USES	S0012
Moafee	USES	S0012
Tropic Trooper	USES	S0012
Elderwood	USES	S0012
DragonOK	USES	S0012
admin@338	USES	S0012
BRONZE BUTLER	USES	S0187
Turla	USES	S0091
Patchwork	USES	S0130
OilRig	USES	S0189
Leviathan	USES	S0110
Night Dragon	USES	S0110
BRONZE BUTLER	USES	S0110
menuPass	USES	S0275
Ke3chang	USES	S0227
APT28	USES	S0162
APT29	USES	S0183
Elderwood	USES	S0211
APT28	USES	S0351
Carbanak	USES	S0029
APT1	USES	S0029
APT39	USES	S0029
Cleaver	USES	S0029
menuPass	USES	S0029
Stolen Pencil	USES	S0029
Threat Group-1314	USES	S0029
Cobalt Group	USES	S0029
TEMP.Veles	USES	S0029
Naikon	USES	S0029
Magic Hound	USES	S0029
FIN6	USES	S0029
Thrip	USES	S0029
FIN5	USES	S0029
OilRig	USES	S0029
Dragonfly 2.0	USES	S0029
Night Dragon	USES	S0029
APT29	USES	S0029
Leafminer	USES	S0029
APT29	USES	S0049
FIN5	USES	S0173
Lazarus Group	USES	S0238
Lazarus Group	USES	S0271
menuPass	USES	S0357
Dragonfly 2.0	USES	S0357
Leviathan	USES	S0229
Scarlet Mimic	USES	S0077
DarkHydrus	USES	S0270
PittyTiger	USES	S0032
APT18	USES	S0032
TA459	USES	S0032
Lazarus Group	USES	S0241
APT3	USES	S0166
APT37	USES	S0213
admin@338	USES	S0043
PLATINUM	USES	S0202
Lazarus Group	USES	S0347
APT32	USES	S0099
Turla	USES	S0099
Orangeworm	USES	S0099
APT30	USES	S0036
APT37	USES	S0219
Naikon	USES	S0061
Elderwood	USES	S0206
APT32	USES	S0157
NEODYMIUM	USES	S0176
Deep Panda	USES	S0074
TA459	USES	S0033
APT29	USES	S0051
menuPass	USES	S0194
Patchwork	USES	S0194
APT33	USES	S0194
APT29	USES	S0053
Turla	USES	S0022
APT30	USES	S0034
Strider	USES	S0125
APT28	USES	S0023
Lazarus Group	USES	S0239
Leviathan	USES	S0228
FIN8	USES	S0196
Lazarus Group	USES	S0263
APT29	USES	S0052
APT28	USES	S0117
APT1	USES	S0006
menuPass	USES	S0006
FIN5	USES	S0006
Turla	USES	S0126
Naikon	USES	S0058
APT39	USES	S0375
APT30	USES	S0031
APT1	USES	S0057
Honeybee	USES	S0057
Deep Panda	USES	S0057
Naikon	USES	S0057
Turla	USES	S0057
OilRig	USES	S0057
Ke3chang	USES	S0057
APT28	USES	S0138
Putter Panda	USES	S0066
APT29	USES	S0175
Magic Hound	USES	S0224
Dark Caracal	USES	S0235
APT37	USES	S0215
Putter Panda	USES	S0068
APT18	USES	S0124
Naikon	USES	S0095
OilRig	USES	S0095
APT33	USES	S0095
Elderwood	USES	S0207
Dust Storm	USES	S0086
APT1	USES	S0345
FIN8	USES	S0197
Magic Hound	USES	S0225
APT28	USES	S0045
menuPass	USES	S0262
Gorgon Group	USES	S0262
Patchwork	USES	S0262
APT28	USES	S0314
APT3	USES	S0111
BRONZE BUTLER	USES	S0111
Patchwork	USES	S0272
APT1	USES	S0119
FIN7	USES	S0145
PROMETHIUM	USES	S0178
APT37	USES	S0355
Deep Panda	USES	S0021
Leviathan	USES	S0021
Axiom	USES	S0021
SilverTerrier	USES	S0334
APT38	USES	S0334
APT33	USES	S0371
Scarlet Mimic	USES	S0078
FIN6	USES	S0372
APT1	USES	S0100
APT32	USES	S0100
Threat Group-3390	USES	S0100
Orangeworm	USES	S0100
OilRig	USES	S0100
admin@338	USES	S0100
Ke3chang	USES	S0100
APT28	USES	S0137
APT29	USES	S0050
Elderwood	USES	S0204
Cobalt Group	USES	S0284
Dust Storm	USES	S0084
APT30	USES	S0028
APT1	USES	S0122
Rancor	USES	S0255
SilverTerrier	USES	S0198
APT33	USES	S0198
menuPass	USES	S0152
OilRig	USES	S0184
Magic Hound	USES	S0192
APT33	USES	S0192
APT1	USES	S0008
Threat Group-3390	USES	S0008
PittyTiger	USES	S0008
Night Dragon	USES	S0008
BRONZE BUTLER	USES	S0008
APT1	USES	S0109
Winnti Group	USES	S0141
APT1	USES	S0121
Threat Group-3390	USES	S0020
Leviathan	USES	S0020
Honeybee	USES	S0075
Rancor	USES	S0075
Turla	USES	S0075
OilRig	USES	S0075
Dragonfly 2.0	USES	S0075
Putter Panda	USES	S0065
APT37	USES	S0212
APT28	USES	S0251
APT37	USES	S0247
APT16	USES	S0064
Lazarus Group	USES	S0376
OilRig	USES	S0258
Suckfly	USES	S0118
Scarlet Mimic	USES	S0079
APT33	USES	S0199
Elderwood	USES	S0208
menuPass	USES	S0159
APT1	USES	S0123
Carbanak	USES	S0030
FIN7	USES	S0030
Rancor	USES	S0254
Lotus Blossom	USES	S0081
FIN7	USES	S0151
APT18	USES	S0071
Orangeworm	USES	S0236
Dark Caracal	USES	S0182
APT29	USES	S0054
APT28	USES	S0136
Patchwork	USES	S0273
Carbanak	USES	S0002
APT1	USES	S0002
APT28	USES	S0002
APT32	USES	S0002
APT39	USES	S0002
Lazarus Group	USES	S0002
Cleaver	USES	S0002
menuPass	USES	S0002
Stolen Pencil	USES	S0002
MuddyWater	USES	S0002
Cobalt Group	USES	S0002
Threat Group-3390	USES	S0002
TEMP.Veles	USES	S0002
PittyTiger	USES	S0002
Magic Hound	USES	S0002
Thrip	USES	S0002
Turla	USES	S0002
APT38	USES	S0002
OilRig	USES	S0002
APT33	USES	S0002
DarkHydrus	USES	S0002
APT29	USES	S0002
Ke3chang	USES	S0002
Leafminer	USES	S0002
BRONZE BUTLER	USES	S0002
APT19	USES	S0154
APT32	USES	S0154
CopyKittens	USES	S0154
Cobalt Group	USES	S0154
FIN6	USES	S0154
Leviathan	USES	S0154
DarkHydrus	USES	S0154
APT29	USES	S0154
APT28	USES	S0193
APT28	USES	S0243
Gamaredon Group	USES	S0147
Elderwood	USES	S0203
Axiom	USES	S0203
Dragonfly	USES	S0093
Sandworm Team	USES	S0089
APT30	USES	S0035
Honeybee	USES	S0096
Naikon	USES	S0096
Turla	USES	S0096
Orangeworm	USES	S0096
OilRig	USES	S0096
admin@338	USES	S0096
Ke3chang	USES	S0096
